fee_id,student_id,semester,tuition_fee,lab_fee,library_fee,transport_fee,waiver_percent,total_payable,paid_amount,due_amount,due_date,payment_status
FEE0001,2026014900000001,1,40000,3500,1000,0,25,33375,23375,10000,2026-08-15,Due
FEE0002,2026025000000002,2,36000,3500,1000,2500,25,32250,27250,5000,2026-08-15,Due
FEE0003,2026035100000003,3,50000,1500,1000,3500,30,39200,39200,0,2026-08-15,Paid
FEE0004,2026045200000004,4,32000,1500,1000,2500,25,27750,22750,5000,2026-08-15,Due
FEE0005,2026055300000005,5,45000,1500,1000,2500,0,50000,45000,5000,2026-08-15,Due
FEE0006,2026065400000006,6,45000,3500,1000,0,20,39600,39600,0,2026-08-15,Paid
FEE0007,2026075500000007,7,36000,3500,1000,2500,10,38700,38700,0,2026-08-15,Paid
FEE0008,2026085600000008,8,32000,1500,1000,0,30,24150,19150,5000,2026-08-15,Due
FEE0009,2026014900000009,1,32000,3500,1000,3500,10,36000,31000,5000,2026-08-15,Due
FEE0010,2026025000000010,2,36000,3500,1000,2500,15,36550,36550,0,2026-08-15,Paid
FEE0011,2026035100000011,3,50000,1500,1000,2500,30,38500,38500,0,2026-08-15,Paid
FEE0012,2026045200000012,4,50000,1500,1000,0,0,52500,42500,10000,2026-08-15,Due
FEE0013,2026055300000013,5,50000,1500,1000,3500,10,50400,45400,5000,2026-08-15,Due
FEE0014,2026065400000014,6,50000,3500,1000,0,0,54500,54500,0,2026-08-15,Paid
FEE0015,2026075500000015,7,32000,3500,1000,2500,0,39000,39000,0,2026-08-15,Paid
FEE0016,2026085600000016,8,50000,1500,1000,0,10,47250,47250,0,2026-08-15,Paid
FEE0017,2026014900000017,1,40000,3500,1000,3500,0,48000,43000,5000,2026-08-15,Due
FEE0018,2026025000000018,2,36000,3500,1000,0,10,36450,36450,0,2026-08-15,Paid
FEE0019,2026035100000019,3,40000,1500,1000,2500,25,33750,23750,10000,2026-08-15,Due
FEE0020,2026045200000020,4,40000,1500,1000,3500,15,39100,29100,10000,2026-08-15,Due
FEE0021,2026055300000021,5,40000,1500,1000,3500,0,46000,41000,5000,2026-08-15,Due
FEE0022,2026065400000022,6,40000,3500,1000,2500,25,35250,35250,0,2026-08-15,Paid
FEE0023,2026075500000023,7,40000,3500,1000,2500,30,32900,32900,0,2026-08-15,Paid
FEE0024,2026085600000024,8,50000,1500,1000,0,0,52500,52500,0,2026-08-15,Paid
FEE0025,2026014900000025,1,50000,3500,1000,2500,25,42750,42750,0,2026-08-15,Paid
FEE0026,2026025000000026,2,50000,3500,1000,2500,0,57000,57000,0,2026-08-15,Paid
FEE0027,2026035100000027,3,45000,1500,1000,0,0,47500,47500,0,2026-08-15,Paid
FEE0028,2026045200000028,4,45000,1500,1000,3500,0,51000,46000,5000,2026-08-15,Due
FEE0029,2026055300000029,5,36000,1500,1000,3500,0,42000,32000,10000,2026-08-15,Due
FEE0030,2026065400000030,6,36000,3500,1000,0,0,40500,40500,0,2026-08-15,Paid
FEE0031,2026075500000031,7,32000,3500,1000,0,0,36500,26500,10000,2026-08-15,Due
FEE0032,2026085600000032,8,40000,1500,1000,0,0,42500,42500,0,2026-08-15,Paid
FEE0033,2026014900000033,1,36000,3500,1000,0,15,34425,24425,10000,2026-08-15,Due
FEE0034,2026025000000034,2,40000,3500,1000,2500,30,32900,32900,0,2026-08-15,Paid
FEE0035,2026035100000035,3,45000,1500,1000,2500,20,40000,30000,10000,2026-08-15,Due
FEE0036,2026045200000036,4,50000,1500,1000,3500,0,56000,56000,0,2026-08-15,Paid
FEE0037,2026055300000037,5,50000,1500,1000,3500,10,50400,45400,5000,2026-08-15,Due
FEE0038,2026065400000038,6,36000,3500,1000,0,0,40500,40500,0,2026-08-15,Paid
FEE0039,2026075500000039,7,45000,3500,1000,2500,20,41600,41600,0,2026-08-15,Paid
FEE0040,2026085600000040,8,36000,1500,1000,0,0,38500,28500,10000,2026-08-15,Due
FEE0041,2026014900000041,1,40000,3500,1000,0,25,33375,33375,0,2026-08-15,Paid
FEE0042,2026025000000042,2,45000,3500,1000,0,25,37125,37125,0,2026-08-15,Paid
FEE0043,2026035100000043,3,40000,1500,1000,3500,0,46000,46000,0,2026-08-15,Paid
FEE0044,2026045200000044,4,45000,1500,1000,0,10,42750,42750,0,2026-08-15,Paid
FEE0045,2026055300000045,5,45000,1500,1000,3500,0,51000,51000,0,2026-08-15,Paid
FEE0046,2026065400000046,6,32000,3500,1000,3500,0,40000,30000,10000,2026-08-15,Due
FEE0047,2026075500000047,7,36000,3500,1000,2500,0,43000,33000,10000,2026-08-15,Due
FEE0048,2026085600000048,8,50000,1500,1000,2500,10,49500,39500,10000,2026-08-15,Due
FEE0049,2026014900000049,1,40000,3500,1000,2500,30,32900,32900,0,2026-08-15,Paid
FEE0050,2026025000000050,2,40000,3500,1000,3500,30,33600,23600,10000,2026-08-15,Due
FEE0051,2026035100000051,3,40000,1500,1000,3500,25,34500,34500,0,2026-08-15,Paid
FEE0052,2026045200000052,4,40000,1500,1000,0,30,29750,29750,0,2026-08-15,Paid
FEE0053,2026055300000053,5,40000,1500,1000,3500,15,39100,34100,5000,2026-08-15,Due
FEE0054,2026065400000054,6,36000,3500,1000,0,15,34425,24425,10000,2026-08-15,Due
FEE0055,2026075500000055,7,32000,3500,1000,0,0,36500,36500,0,2026-08-15,Paid
FEE0056,2026085600000056,8,36000,1500,1000,3500,0,42000,42000,0,2026-08-15,Paid
FEE0057,2026014900000057,1,45000,3500,1000,0,10,44550,44550,0,2026-08-15,Paid
FEE0058,2026025000000058,2,40000,3500,1000,2500,20,37600,37600,0,2026-08-15,Paid
FEE0059,2026035100000059,3,32000,1500,1000,3500,30,26600,16600,10000,2026-08-15,Due
FEE0060,2026045200000060,4,32000,1500,1000,0,25,25875,20875,5000,2026-08-15,Due
FEE0061,2026055300000061,5,50000,1500,1000,0,20,42000,42000,0,2026-08-15,Paid
FEE0062,2026065400000062,6,45000,3500,1000,3500,0,53000,53000,0,2026-08-15,Paid
FEE0063,2026075500000063,7,50000,3500,1000,0,0,54500,54500,0,2026-08-15,Paid
FEE0064,2026085600000064,8,36000,1500,1000,2500,15,34850,34850,0,2026-08-15,Paid
FEE0065,2026014900000065,1,36000,3500,1000,0,20,32400,22400,10000,2026-08-15,Due
FEE0066,2026025000000066,2,40000,3500,1000,3500,0,48000,38000,10000,2026-08-15,Due
FEE0067,2026035100000067,3,32000,1500,1000,0,25,25875,15875,10000,2026-08-15,Due
FEE0068,2026045200000068,4,45000,1500,1000,3500,25,38250,33250,5000,2026-08-15,Due
FEE0069,2026055300000069,5,36000,1500,1000,0,20,30800,20800,10000,2026-08-15,Due
FEE0070,2026065400000070,6,50000,3500,1000,2500,0,57000,57000,0,2026-08-15,Paid
FEE0071,2026075500000071,7,45000,3500,1000,2500,30,36400,31400,5000,2026-08-15,Due
FEE0072,2026085600000072,8,32000,1500,1000,0,25,25875,15875,10000,2026-08-15,Due
FEE0073,2026014900000073,1,50000,3500,1000,3500,0,58000,48000,10000,2026-08-15,Due
FEE0074,2026025000000074,2,36000,3500,1000,3500,20,35200,25200,10000,2026-08-15,Due
FEE0075,2026035100000075,3,36000,1500,1000,3500,30,29400,29400,0,2026-08-15,Paid
FEE0076,2026045200000076,4,36000,1500,1000,3500,0,42000,32000,10000,2026-08-15,Due
FEE0077,2026055300000077,5,45000,1500,1000,3500,10,45900,40900,5000,2026-08-15,Due
FEE0078,2026065400000078,6,36000,3500,1000,2500,30,30100,30100,0,2026-08-15,Paid
FEE0079,2026075500000079,7,36000,3500,1000,3500,10,39600,29600,10000,2026-08-15,Due
FEE0080,2026085600000080,8,40000,1500,1000,2500,25,33750,33750,0,2026-08-15,Paid
FEE0081,2026014900000081,1,36000,3500,1000,3500,20,35200,25200,10000,2026-08-15,Due
FEE0082,2026025000000082,2,40000,3500,1000,2500,20,37600,37600,0,2026-08-15,Paid
FEE0083,2026035100000083,3,45000,1500,1000,2500,25,37500,37500,0,2026-08-15,Paid
FEE0084,2026045200000084,4,45000,1500,1000,3500,0,51000,51000,0,2026-08-15,Paid
FEE0085,2026055300000085,5,40000,1500,1000,2500,30,31500,31500,0,2026-08-15,Paid
FEE0086,2026065400000086,6,36000,3500,1000,2500,20,34400,34400,0,2026-08-15,Paid
FEE0087,2026075500000087,7,32000,3500,1000,2500,30,27300,17300,10000,2026-08-15,Due
FEE0088,2026085600000088,8,32000,1500,1000,3500,20,30400,25400,5000,2026-08-15,Due
FEE0089,2026014900000089,1,40000,3500,1000,0,25,33375,28375,5000,2026-08-15,Due
FEE0090,2026025000000090,2,50000,3500,1000,0,25,40875,40875,0,2026-08-15,Paid
FEE0091,2026035100000091,3,32000,1500,1000,0,0,34500,34500,0,2026-08-15,Paid
FEE0092,2026045200000092,4,45000,1500,1000,0,10,42750,42750,0,2026-08-15,Paid
FEE0093,2026055300000093,5,40000,1500,1000,0,30,29750,29750,0,2026-08-15,Paid
FEE0094,2026065400000094,6,50000,3500,1000,0,0,54500,54500,0,2026-08-15,Paid
FEE0095,2026075500000095,7,36000,3500,1000,2500,20,34400,29400,5000,2026-08-15,Due
FEE0096,2026085600000096,8,50000,1500,1000,2500,10,49500,49500,0,2026-08-15,Paid
FEE0097,2026014900000097,1,36000,3500,1000,2500,0,43000,43000,0,2026-08-15,Paid
FEE0098,2026025000000098,2,45000,3500,1000,0,0,49500,39500,10000,2026-08-15,Due
FEE0099,2026035100000099,3,32000,1500,1000,2500,25,27750,27750,0,2026-08-15,Paid
FEE0100,2026045200000100,4,32000,1500,1000,0,15,29325,29325,0,2026-08-15,Paid
FEE0101,2026055300000101,5,40000,1500,1000,3500,0,46000,41000,5000,2026-08-15,Due
FEE0102,2026065400000102,6,50000,3500,1000,3500,25,43500,33500,10000,2026-08-15,Due
FEE0103,2026075500000103,7,32000,3500,1000,2500,0,39000,29000,10000,2026-08-15,Due
FEE0104,2026085600000104,8,45000,1500,1000,3500,0,51000,41000,10000,2026-08-15,Due
FEE0105,2026014900000105,1,36000,3500,1000,2500,0,43000,33000,10000,2026-08-15,Due
FEE0106,2026025000000106,2,45000,3500,1000,3500,30,37100,37100,0,2026-08-15,Paid
FEE0107,2026035100000107,3,45000,1500,1000,0,30,33250,23250,10000,2026-08-15,Due
FEE0108,2026045200000108,4,32000,1500,1000,0,15,29325,19325,10000,2026-08-15,Due
FEE0109,2026055300000109,5,45000,1500,1000,2500,15,42500,32500,10000,2026-08-15,Due
FEE0110,2026065400000110,6,32000,3500,1000,3500,20,32000,22000,10000,2026-08-15,Due
FEE0111,2026075500000111,7,36000,3500,1000,2500,20,34400,34400,0,2026-08-15,Paid
FEE0112,2026085600000112,8,40000,1500,1000,3500,0,46000,36000,10000,2026-08-15,Due
FEE0113,2026014900000113,1,36000,3500,1000,3500,25,33000,33000,0,2026-08-15,Paid
FEE0114,2026025000000114,2,50000,3500,1000,2500,0,57000,57000,0,2026-08-15,Paid
FEE0115,2026035100000115,3,40000,1500,1000,2500,10,40500,30500,10000,2026-08-15,Due
FEE0116,2026045200000116,4,50000,1500,1000,3500,0,56000,56000,0,2026-08-15,Paid
FEE0117,2026055300000117,5,36000,1500,1000,3500,10,37800,27800,10000,2026-08-15,Due
FEE0118,2026065400000118,6,50000,3500,1000,2500,30,39900,34900,5000,2026-08-15,Due
FEE0119,2026075500000119,7,45000,3500,1000,0,0,49500,44500,5000,2026-08-15,Due
FEE0120,2026085600000120,8,40000,1500,1000,2500,0,45000,35000,10000,2026-08-15,Due
FEE0121,2026014900000121,1,40000,3500,1000,2500,20,37600,27600,10000,2026-08-15,Due
FEE0122,2026025000000122,2,50000,3500,1000,2500,0,57000,52000,5000,2026-08-15,Due
FEE0123,2026035100000123,3,32000,1500,1000,0,0,34500,34500,0,2026-08-15,Paid
FEE0124,2026045200000124,4,32000,1500,1000,3500,0,38000,33000,5000,2026-08-15,Due
FEE0125,2026055300000125,5,32000,1500,1000,3500,0,38000,28000,10000,2026-08-15,Due
FEE0126,2026065400000126,6,32000,3500,1000,3500,30,28000,18000,10000,2026-08-15,Due
FEE0127,2026075500000127,7,50000,3500,1000,0,0,54500,49500,5000,2026-08-15,Due
FEE0128,2026085600000128,8,32000,1500,1000,3500,25,28500,23500,5000,2026-08-15,Due
FEE0129,2026014900000129,1,36000,3500,1000,2500,0,43000,33000,10000,2026-08-15,Due
FEE0130,2026025000000130,2,32000,3500,1000,2500,0,39000,34000,5000,2026-08-15,Due
FEE0131,2026035100000131,3,45000,1500,1000,0,0,47500,47500,0,2026-08-15,Paid
FEE0132,2026045200000132,4,32000,1500,1000,3500,10,34200,34200,0,2026-08-15,Paid
FEE0133,2026055300000133,5,45000,1500,1000,0,0,47500,37500,10000,2026-08-15,Due
FEE0134,2026065400000134,6,32000,3500,1000,3500,0,40000,40000,0,2026-08-15,Paid
FEE0135,2026075500000135,7,50000,3500,1000,0,0,54500,54500,0,2026-08-15,Paid
FEE0136,2026085600000136,8,45000,1500,1000,0,30,33250,33250,0,2026-08-15,Paid
FEE0137,2026014900000137,1,36000,3500,1000,3500,20,35200,35200,0,2026-08-15,Paid
FEE0138,2026025000000138,2,45000,3500,1000,3500,20,42400,42400,0,2026-08-15,Paid
FEE0139,2026035100000139,3,36000,1500,1000,0,0,38500,28500,10000,2026-08-15,Due
FEE0140,2026045200000140,4,45000,1500,1000,2500,10,45000,35000,10000,2026-08-15,Due
FEE0141,2026055300000141,5,50000,1500,1000,3500,10,50400,40400,10000,2026-08-15,Due
FEE0142,2026065400000142,6,45000,3500,1000,0,10,44550,34550,10000,2026-08-15,Due
FEE0143,2026075500000143,7,50000,3500,1000,2500,0,57000,57000,0,2026-08-15,Paid
FEE0144,2026085600000144,8,40000,1500,1000,2500,30,31500,21500,10000,2026-08-15,Due
FEE0145,2026014900000145,1,36000,3500,1000,0,0,40500,40500,0,2026-08-15,Paid
FEE0146,2026025000000146,2,50000,3500,1000,3500,25,43500,43500,0,2026-08-15,Paid
FEE0147,2026035100000147,3,36000,1500,1000,2500,15,34850,29850,5000,2026-08-15,Due
FEE0148,2026045200000148,4,45000,1500,1000,3500,30,35700,35700,0,2026-08-15,Paid
FEE0149,2026055300000149,5,50000,1500,1000,0,20,42000,42000,0,2026-08-15,Paid
FEE0150,2026065400000150,6,36000,3500,1000,3500,20,35200,25200,10000,2026-08-15,Due
FEE0151,2026075500000151,7,45000,3500,1000,0,0,49500,39500,10000,2026-08-15,Due
FEE0152,2026085600000152,8,50000,1500,1000,2500,0,55000,55000,0,2026-08-15,Paid
FEE0153,2026014900000153,1,50000,3500,1000,3500,0,58000,58000,0,2026-08-15,Paid
FEE0154,2026025000000154,2,36000,3500,1000,2500,15,36550,31550,5000,2026-08-15,Due
FEE0155,2026035100000155,3,50000,1500,1000,2500,10,49500,49500,0,2026-08-15,Paid
FEE0156,2026045200000156,4,32000,1500,1000,0,15,29325,29325,0,2026-08-15,Paid
FEE0157,2026055300000157,5,40000,1500,1000,2500,10,40500,40500,0,2026-08-15,Paid
FEE0158,2026065400000158,6,45000,3500,1000,3500,15,45050,40050,5000,2026-08-15,Due
FEE0159,2026075500000159,7,36000,3500,1000,3500,20,35200,25200,10000,2026-08-15,Due
FEE0160,2026085600000160,8,36000,1500,1000,2500,0,41000,31000,10000,2026-08-15,Due
FEE0161,2026014900000161,1,50000,3500,1000,3500,0,58000,53000,5000,2026-08-15,Due
FEE0162,2026025000000162,2,40000,3500,1000,0,10,40050,40050,0,2026-08-15,Paid
FEE0163,2026035100000163,3,36000,1500,1000,3500,0,42000,42000,0,2026-08-15,Paid
FEE0164,2026045200000164,4,40000,1500,1000,3500,15,39100,29100,10000,2026-08-15,Due
FEE0165,2026055300000165,5,40000,1500,1000,3500,20,36800,36800,0,2026-08-15,Paid
FEE0166,2026065400000166,6,32000,3500,1000,3500,0,40000,40000,0,2026-08-15,Paid
FEE0167,2026075500000167,7,32000,3500,1000,2500,0,39000,29000,10000,2026-08-15,Due
FEE0168,2026085600000168,8,32000,1500,1000,2500,10,33300,28300,5000,2026-08-15,Due
FEE0169,2026014900000169,1,40000,3500,1000,2500,0,47000,37000,10000,2026-08-15,Due
FEE0170,2026025000000170,2,40000,3500,1000,0,20,35600,35600,0,2026-08-15,Paid
FEE0171,2026035100000171,3,32000,1500,1000,0,0,34500,34500,0,2026-08-15,Paid
FEE0172,2026045200000172,4,36000,1500,1000,0,25,28875,28875,0,2026-08-15,Paid
FEE0173,2026055300000173,5,36000,1500,1000,3500,0,42000,42000,0,2026-08-15,Paid
FEE0174,2026065400000174,6,36000,3500,1000,3500,0,44000,39000,5000,2026-08-15,Due
FEE0175,2026075500000175,7,36000,3500,1000,0,0,40500,40500,0,2026-08-15,Paid
FEE0176,2026085600000176,8,32000,1500,1000,2500,20,29600,29600,0,2026-08-15,Paid
FEE0177,2026014900000177,1,40000,3500,1000,2500,25,35250,35250,0,2026-08-15,Paid
FEE0178,2026025000000178,2,40000,3500,1000,0,0,44500,34500,10000,2026-08-15,Due
FEE0179,2026035100000179,3,45000,1500,1000,0,25,35625,25625,10000,2026-08-15,Due
FEE0180,2026045200000180,4,50000,1500,1000,0,20,42000,42000,0,2026-08-15,Paid
FEE0181,2026055300000181,5,45000,1500,1000,2500,0,50000,45000,5000,2026-08-15,Due
FEE0182,2026065400000182,6,50000,3500,1000,2500,15,48450,43450,5000,2026-08-15,Due
FEE0183,2026075500000183,7,36000,3500,1000,3500,25,33000,33000,0,2026-08-15,Paid
FEE0184,2026085600000184,8,36000,1500,1000,3500,0,42000,37000,5000,2026-08-15,Due
FEE0185,2026014900000185,1,45000,3500,1000,2500,0,52000,42000,10000,2026-08-15,Due
FEE0186,2026025000000186,2,40000,3500,1000,3500,0,48000,48000,0,2026-08-15,Paid
FEE0187,2026035100000187,3,40000,1500,1000,0,20,34000,34000,0,2026-08-15,Paid
FEE0188,2026045200000188,4,36000,1500,1000,0,30,26950,26950,0,2026-08-15,Paid
FEE0189,2026055300000189,5,45000,1500,1000,0,0,47500,47500,0,2026-08-15,Paid
FEE0190,2026065400000190,6,40000,3500,1000,2500,0,47000,37000,10000,2026-08-15,Due
FEE0191,2026075500000191,7,40000,3500,1000,0,15,37825,32825,5000,2026-08-15,Due
FEE0192,2026085600000192,8,36000,1500,1000,0,30,26950,26950,0,2026-08-15,Paid
FEE0193,2026014900000193,1,45000,3500,1000,0,0,49500,39500,10000,2026-08-15,Due
FEE0194,2026025000000194,2,40000,3500,1000,2500,25,35250,35250,0,2026-08-15,Paid
FEE0195,2026035100000195,3,50000,1500,1000,3500,20,44800,44800,0,2026-08-15,Paid
FEE0196,2026045200000196,4,32000,1500,1000,3500,30,26600,26600,0,2026-08-15,Paid
FEE0197,2026055300000197,5,32000,1500,1000,3500,10,34200,34200,0,2026-08-15,Paid
FEE0198,2026065400000198,6,40000,3500,1000,3500,10,43200,43200,0,2026-08-15,Paid
FEE0199,2026075500000199,7,32000,3500,1000,2500,25,29250,29250,0,2026-08-15,Paid
FEE0200,2026085600000200,8,50000,1500,1000,2500,0,55000,55000,0,2026-08-15,Paid
FEE0201,2026014900000201,1,36000,3500,1000,2500,0,43000,38000,5000,2026-08-15,Due
FEE0202,2026025000000202,2,45000,3500,1000,3500,0,53000,53000,0,2026-08-15,Paid
FEE0203,2026035100000203,3,50000,1500,1000,0,15,44625,34625,10000,2026-08-15,Due
FEE0204,2026045200000204,4,40000,1500,1000,2500,20,36000,36000,0,2026-08-15,Paid
FEE0205,2026055300000205,5,36000,1500,1000,0,0,38500,38500,0,2026-08-15,Paid
FEE0206,2026065400000206,6,50000,3500,1000,0,0,54500,49500,5000,2026-08-15,Due
FEE0207,2026075500000207,7,45000,3500,1000,3500,20,42400,37400,5000,2026-08-15,Due
FEE0208,2026085600000208,8,32000,1500,1000,3500,0,38000,38000,0,2026-08-15,Paid
FEE0209,2026014900000209,1,45000,3500,1000,2500,15,44200,44200,0,2026-08-15,Paid
FEE0210,2026025000000210,2,50000,3500,1000,3500,20,46400,36400,10000,2026-08-15,Due
FEE0211,2026035100000211,3,45000,1500,1000,3500,25,38250,33250,5000,2026-08-15,Due
FEE0212,2026045200000212,4,40000,1500,1000,3500,30,32200,32200,0,2026-08-15,Paid
FEE0213,2026055300000213,5,45000,1500,1000,0,25,35625,35625,0,2026-08-15,Paid
FEE0214,2026065400000214,6,50000,3500,1000,0,30,38150,38150,0,2026-08-15,Paid
FEE0215,2026075500000215,7,32000,3500,1000,3500,20,32000,32000,0,2026-08-15,Paid
FEE0216,2026085600000216,8,32000,1500,1000,2500,10,33300,28300,5000,2026-08-15,Due
FEE0217,2026014900000217,1,32000,3500,1000,2500,0,39000,39000,0,2026-08-15,Paid
FEE0218,2026025000000218,2,40000,3500,1000,3500,0,48000,48000,0,2026-08-15,Paid
FEE0219,2026035100000219,3,50000,1500,1000,3500,25,42000,42000,0,2026-08-15,Paid
FEE0220,2026045200000220,4,36000,1500,1000,2500,15,34850,29850,5000,2026-08-15,Due
FEE0221,2026055300000221,5,40000,1500,1000,3500,25,34500,29500,5000,2026-08-15,Due
FEE0222,2026065400000222,6,45000,3500,1000,0,10,44550,44550,0,2026-08-15,Paid
FEE0223,2026075500000223,7,40000,3500,1000,0,0,44500,34500,10000,2026-08-15,Due
FEE0224,2026085600000224,8,40000,1500,1000,0,10,38250,33250,5000,2026-08-15,Due
FEE0225,2026014900000225,1,40000,3500,1000,0,15,37825,32825,5000,2026-08-15,Due
FEE0226,2026025000000226,2,32000,3500,1000,2500,15,33150,33150,0,2026-08-15,Paid
FEE0227,2026035100000227,3,32000,1500,1000,2500,20,29600,24600,5000,2026-08-15,Due
FEE0228,2026045200000228,4,32000,1500,1000,0,0,34500,34500,0,2026-08-15,Paid
FEE0229,2026055300000229,5,40000,1500,1000,3500,10,41400,41400,0,2026-08-15,Paid
FEE0230,2026065400000230,6,32000,3500,1000,3500,10,36000,26000,10000,2026-08-15,Due
FEE0231,2026075500000231,7,45000,3500,1000,2500,10,46800,36800,10000,2026-08-15,Due
FEE0232,2026085600000232,8,32000,1500,1000,0,0,34500,34500,0,2026-08-15,Paid
FEE0233,2026014900000233,1,32000,3500,1000,2500,10,35100,25100,10000,2026-08-15,Due
FEE0234,2026025000000234,2,40000,3500,1000,0,20,35600,30600,5000,2026-08-15,Due
FEE0235,2026035100000235,3,50000,1500,1000,0,20,42000,42000,0,2026-08-15,Paid
FEE0236,2026045200000236,4,32000,1500,1000,0,0,34500,24500,10000,2026-08-15,Due
FEE0237,2026055300000237,5,32000,1500,1000,3500,10,34200,34200,0,2026-08-15,Paid
FEE0238,2026065400000238,6,50000,3500,1000,3500,15,49300,49300,0,2026-08-15,Paid
FEE0239,2026075500000239,7,32000,3500,1000,2500,30,27300,27300,0,2026-08-15,Paid
FEE0240,2026085600000240,8,50000,1500,1000,0,0,52500,47500,5000,2026-08-15,Due
FEE0241,2026014900000241,1,32000,3500,1000,2500,20,31200,26200,5000,2026-08-15,Due
FEE0242,2026025000000242,2,32000,3500,1000,2500,0,39000,39000,0,2026-08-15,Paid
FEE0243,2026035100000243,3,45000,1500,1000,3500,0,51000,51000,0,2026-08-15,Paid
FEE0244,2026045200000244,4,36000,1500,1000,3500,15,35700,25700,10000,2026-08-15,Due
FEE0245,2026055300000245,5,45000,1500,1000,3500,10,45900,40900,5000,2026-08-15,Due
FEE0246,2026065400000246,6,32000,3500,1000,2500,0,39000,34000,5000,2026-08-15,Due
FEE0247,2026075500000247,7,36000,3500,1000,3500,20,35200,30200,5000,2026-08-15,Due
FEE0248,2026085600000248,8,32000,1500,1000,2500,25,27750,17750,10000,2026-08-15,Due
FEE0249,2026014900000249,1,36000,3500,1000,0,30,28350,18350,10000,2026-08-15,Due
FEE0250,2026025000000250,2,36000,3500,1000,0,15,34425,34425,0,2026-08-15,Paid
FEE0251,2026035100000251,3,36000,1500,1000,3500,25,31500,26500,5000,2026-08-15,Due
FEE0252,2026045200000252,4,50000,1500,1000,0,20,42000,42000,0,2026-08-15,Paid
FEE0253,2026055300000253,5,40000,1500,1000,2500,30,31500,31500,0,2026-08-15,Paid
FEE0254,2026065400000254,6,32000,3500,1000,2500,0,39000,29000,10000,2026-08-15,Due
FEE0255,2026075500000255,7,50000,3500,1000,3500,15,49300,49300,0,2026-08-15,Paid
FEE0256,2026085600000256,8,50000,1500,1000,3500,20,44800,39800,5000,2026-08-15,Due
FEE0257,2026014900000257,1,50000,3500,1000,0,20,43600,43600,0,2026-08-15,Paid
FEE0258,2026025000000258,2,32000,3500,1000,3500,30,28000,28000,0,2026-08-15,Paid
FEE0259,2026035100000259,3,32000,1500,1000,2500,10,33300,28300,5000,2026-08-15,Due
FEE0260,2026045200000260,4,45000,1500,1000,0,25,35625,35625,0,2026-08-15,Paid
FEE0261,2026055300000261,5,32000,1500,1000,2500,25,27750,17750,10000,2026-08-15,Due
FEE0262,2026065400000262,6,50000,3500,1000,0,20,43600,33600,10000,2026-08-15,Due
FEE0263,2026075500000263,7,40000,3500,1000,3500,0,48000,48000,0,2026-08-15,Paid
FEE0264,2026085600000264,8,32000,1500,1000,2500,30,25900,20900,5000,2026-08-15,Due
FEE0265,2026014900000265,1,50000,3500,1000,0,0,54500,44500,10000,2026-08-15,Due
FEE0266,2026025000000266,2,50000,3500,1000,2500,0,57000,57000,0,2026-08-15,Paid
FEE0267,2026035100000267,3,45000,1500,1000,3500,20,40800,40800,0,2026-08-15,Paid
FEE0268,2026045200000268,4,50000,1500,1000,3500,20,44800,44800,0,2026-08-15,Paid
FEE0269,2026055300000269,5,40000,1500,1000,0,15,36125,36125,0,2026-08-15,Paid
FEE0270,2026065400000270,6,45000,3500,1000,2500,20,41600,36600,5000,2026-08-15,Due
FEE0271,2026075500000271,7,40000,3500,1000,3500,0,48000,48000,0,2026-08-15,Paid
FEE0272,2026085600000272,8,32000,1500,1000,3500,30,26600,26600,0,2026-08-15,Paid
FEE0273,2026014900000273,1,40000,3500,1000,3500,10,43200,33200,10000,2026-08-15,Due
FEE0274,2026025000000274,2,50000,3500,1000,0,0,54500,49500,5000,2026-08-15,Due
FEE0275,2026035100000275,3,36000,1500,1000,2500,0,41000,41000,0,2026-08-15,Paid
FEE0276,2026045200000276,4,50000,1500,1000,0,30,36750,26750,10000,2026-08-15,Due
FEE0277,2026055300000277,5,36000,1500,1000,3500,30,29400,29400,0,2026-08-15,Paid
FEE0278,2026065400000278,6,32000,3500,1000,0,0,36500,36500,0,2026-08-15,Paid
FEE0279,2026075500000279,7,50000,3500,1000,0,25,40875,40875,0,2026-08-15,Paid
FEE0280,2026085600000280,8,40000,1500,1000,3500,0,46000,41000,5000,2026-08-15,Due
FEE0281,2026014900000281,1,32000,3500,1000,2500,10,35100,35100,0,2026-08-15,Paid
FEE0282,2026025000000282,2,36000,3500,1000,0,30,28350,18350,10000,2026-08-15,Due
FEE0283,2026035100000283,3,32000,1500,1000,2500,0,37000,32000,5000,2026-08-15,Due
FEE0284,2026045200000284,4,32000,1500,1000,0,30,24150,19150,5000,2026-08-15,Due
FEE0285,2026055300000285,5,40000,1500,1000,2500,10,40500,30500,10000,2026-08-15,Due
FEE0286,2026065400000286,6,40000,3500,1000,2500,30,32900,27900,5000,2026-08-15,Due
FEE0287,2026075500000287,7,45000,3500,1000,0,0,49500,39500,10000,2026-08-15,Due
FEE0288,2026085600000288,8,36000,1500,1000,2500,20,32800,27800,5000,2026-08-15,Due
FEE0289,2026014900000289,1,50000,3500,1000,3500,0,58000,53000,5000,2026-08-15,Due
FEE0290,2026025000000290,2,36000,3500,1000,0,20,32400,22400,10000,2026-08-15,Due
FEE0291,2026035100000291,3,45000,1500,1000,0,0,47500,47500,0,2026-08-15,Paid
FEE0292,2026045200000292,4,50000,1500,1000,0,25,39375,39375,0,2026-08-15,Paid
FEE0293,2026055300000293,5,36000,1500,1000,0,15,32725,27725,5000,2026-08-15,Due
FEE0294,2026065400000294,6,40000,3500,1000,3500,0,48000,38000,10000,2026-08-15,Due
FEE0295,2026075500000295,7,50000,3500,1000,0,0,54500,54500,0,2026-08-15,Paid
FEE0296,2026085600000296,8,50000,1500,1000,0,25,39375,39375,0,2026-08-15,Paid
FEE0297,2026014900000297,1,50000,3500,1000,3500,30,40600,40600,0,2026-08-15,Paid
FEE0298,2026025000000298,2,32000,3500,1000,0,25,27375,27375,0,2026-08-15,Paid
FEE0299,2026035100000299,3,50000,1500,1000,0,0,52500,47500,5000,2026-08-15,Due
FEE0300,2026045200000300,4,36000,1500,1000,3500,0,42000,32000,10000,2026-08-15,Due
FEE0301,2026055300000301,5,50000,1500,1000,0,0,52500,52500,0,2026-08-15,Paid
FEE0302,2026065400000302,6,36000,3500,1000,3500,10,39600,39600,0,2026-08-15,Paid
FEE0303,2026075500000303,7,36000,3500,1000,2500,30,30100,25100,5000,2026-08-15,Due
FEE0304,2026085600000304,8,40000,1500,1000,3500,25,34500,34500,0,2026-08-15,Paid
FEE0305,2026014900000305,1,36000,3500,1000,0,0,40500,30500,10000,2026-08-15,Due
FEE0306,2026025000000306,2,40000,3500,1000,2500,0,47000,37000,10000,2026-08-15,Due
FEE0307,2026035100000307,3,32000,1500,1000,3500,10,34200,34200,0,2026-08-15,Paid
FEE0308,2026045200000308,4,32000,1500,1000,3500,15,32300,27300,5000,2026-08-15,Due
FEE0309,2026055300000309,5,36000,1500,1000,3500,0,42000,42000,0,2026-08-15,Paid
FEE0310,2026065400000310,6,36000,3500,1000,2500,15,36550,26550,10000,2026-08-15,Due
FEE0311,2026075500000311,7,45000,3500,1000,2500,0,52000,42000,10000,2026-08-15,Due
FEE0312,2026085600000312,8,45000,1500,1000,0,0,47500,37500,10000,2026-08-15,Due
FEE0313,2026014900000313,1,40000,3500,1000,0,0,44500,34500,10000,2026-08-15,Due
FEE0314,2026025000000314,2,50000,3500,1000,2500,0,57000,47000,10000,2026-08-15,Due
FEE0315,2026035100000315,3,32000,1500,1000,0,0,34500,34500,0,2026-08-15,Paid
FEE0316,2026045200000316,4,36000,1500,1000,3500,25,31500,31500,0,2026-08-15,Paid
FEE0317,2026055300000317,5,32000,1500,1000,3500,10,34200,34200,0,2026-08-15,Paid
FEE0318,2026065400000318,6,32000,3500,1000,2500,0,39000,39000,0,2026-08-15,Paid
FEE0319,2026075500000319,7,32000,3500,1000,0,15,31025,31025,0,2026-08-15,Paid
FEE0320,2026085600000320,8,45000,1500,1000,2500,15,42500,42500,0,2026-08-15,Paid
FEE0321,2026014900000321,1,40000,3500,1000,3500,15,40800,40800,0,2026-08-15,Paid
FEE0322,2026025000000322,2,45000,3500,1000,0,10,44550,34550,10000,2026-08-15,Due
FEE0323,2026035100000323,3,36000,1500,1000,0,0,38500,33500,5000,2026-08-15,Due
FEE0324,2026045200000324,4,50000,1500,1000,2500,0,55000,45000,10000,2026-08-15,Due
FEE0325,2026055300000325,5,40000,1500,1000,2500,15,38250,33250,5000,2026-08-15,Due
FEE0326,2026065400000326,6,36000,3500,1000,3500,25,33000,23000,10000,2026-08-15,Due
FEE0327,2026075500000327,7,32000,3500,1000,0,25,27375,22375,5000,2026-08-15,Due
FEE0328,2026085600000328,8,50000,1500,1000,3500,20,44800,34800,10000,2026-08-15,Due
FEE0329,2026014900000329,1,50000,3500,1000,0,10,49050,49050,0,2026-08-15,Paid
FEE0330,2026025000000330,2,45000,3500,1000,3500,0,53000,53000,0,2026-08-15,Paid
FEE0331,2026035100000331,3,32000,1500,1000,0,15,29325,29325,0,2026-08-15,Paid
FEE0332,2026045200000332,4,36000,1500,1000,2500,20,32800,27800,5000,2026-08-15,Due
FEE0333,2026055300000333,5,36000,1500,1000,2500,0,41000,36000,5000,2026-08-15,Due
FEE0334,2026065400000334,6,36000,3500,1000,3500,0,44000,44000,0,2026-08-15,Paid
FEE0335,2026075500000335,7,50000,3500,1000,3500,0,58000,58000,0,2026-08-15,Paid
FEE0336,2026085600000336,8,45000,1500,1000,2500,0,50000,50000,0,2026-08-15,Paid
FEE0337,2026014900000337,1,45000,3500,1000,3500,10,47700,37700,10000,2026-08-15,Due
FEE0338,2026025000000338,2,45000,3500,1000,0,0,49500,49500,0,2026-08-15,Paid
FEE0339,2026035100000339,3,36000,1500,1000,2500,10,36900,36900,0,2026-08-15,Paid
FEE0340,2026045200000340,4,32000,1500,1000,2500,30,25900,20900,5000,2026-08-15,Due
FEE0341,2026055300000341,5,40000,1500,1000,3500,0,46000,46000,0,2026-08-15,Paid
FEE0342,2026065400000342,6,50000,3500,1000,3500,0,58000,58000,0,2026-08-15,Paid
FEE0343,2026075500000343,7,40000,3500,1000,2500,15,39950,34950,5000,2026-08-15,Due
FEE0344,2026085600000344,8,45000,1500,1000,2500,20,40000,40000,0,2026-08-15,Paid
FEE0345,2026014900000345,1,50000,3500,1000,2500,0,57000,57000,0,2026-08-15,Paid
FEE0346,2026025000000346,2,50000,3500,1000,0,0,54500,54500,0,2026-08-15,Paid
FEE0347,2026035100000347,3,50000,1500,1000,2500,10,49500,49500,0,2026-08-15,Paid
FEE0348,2026045200000348,4,40000,1500,1000,2500,0,45000,40000,5000,2026-08-15,Due
FEE0349,2026055300000349,5,40000,1500,1000,3500,0,46000,46000,0,2026-08-15,Paid
FEE0350,2026065400000350,6,36000,3500,1000,2500,0,43000,43000,0,2026-08-15,Paid
FEE0351,2026075500000351,7,32000,3500,1000,0,30,25550,15550,10000,2026-08-15,Due
FEE0352,2026085600000352,8,36000,1500,1000,0,0,38500,38500,0,2026-08-15,Paid
FEE0353,2026014900000353,1,45000,3500,1000,2500,30,36400,26400,10000,2026-08-15,Due
FEE0354,2026025000000354,2,45000,3500,1000,0,0,49500,39500,10000,2026-08-15,Due
FEE0355,2026035100000355,3,32000,1500,1000,0,0,34500,29500,5000,2026-08-15,Due
FEE0356,2026045200000356,4,36000,1500,1000,3500,0,42000,32000,10000,2026-08-15,Due
FEE0357,2026055300000357,5,40000,1500,1000,3500,10,41400,41400,0,2026-08-15,Paid
FEE0358,2026065400000358,6,32000,3500,1000,0,30,25550,25550,0,2026-08-15,Paid
FEE0359,2026075500000359,7,45000,3500,1000,2500,15,44200,39200,5000,2026-08-15,Due
FEE0360,2026085600000360,8,45000,1500,1000,0,15,40375,30375,10000,2026-08-15,Due
FEE0361,2026014900000361,1,45000,3500,1000,0,20,39600,39600,0,2026-08-15,Paid
FEE0362,2026025000000362,2,40000,3500,1000,3500,25,36000,26000,10000,2026-08-15,Due
FEE0363,2026035100000363,3,40000,1500,1000,0,0,42500,42500,0,2026-08-15,Paid
FEE0364,2026045200000364,4,50000,1500,1000,0,20,42000,42000,0,2026-08-15,Paid
FEE0365,2026055300000365,5,32000,1500,1000,0,25,25875,25875,0,2026-08-15,Paid
FEE0366,2026065400000366,6,40000,3500,1000,2500,25,35250,25250,10000,2026-08-15,Due
FEE0367,2026075500000367,7,36000,3500,1000,3500,0,44000,44000,0,2026-08-15,Paid
FEE0368,2026085600000368,8,40000,1500,1000,3500,25,34500,34500,0,2026-08-15,Paid
FEE0369,2026014900000369,1,40000,3500,1000,3500,0,48000,48000,0,2026-08-15,Paid
FEE0370,2026025000000370,2,50000,3500,1000,2500,0,57000,52000,5000,2026-08-15,Due
FEE0371,2026035100000371,3,45000,1500,1000,0,30,33250,33250,0,2026-08-15,Paid
FEE0372,2026045200000372,4,32000,1500,1000,2500,15,31450,31450,0,2026-08-15,Paid
FEE0373,2026055300000373,5,50000,1500,1000,3500,20,44800,44800,0,2026-08-15,Paid
FEE0374,2026065400000374,6,32000,3500,1000,0,30,25550,20550,5000,2026-08-15,Due
FEE0375,2026075500000375,7,45000,3500,1000,2500,0,52000,47000,5000,2026-08-15,Due
FEE0376,2026085600000376,8,40000,1500,1000,3500,0,46000,46000,0,2026-08-15,Paid
FEE0377,2026014900000377,1,45000,3500,1000,3500,0,53000,53000,0,2026-08-15,Paid
FEE0378,2026025000000378,2,45000,3500,1000,0,30,34650,34650,0,2026-08-15,Paid
FEE0379,2026035100000379,3,32000,1500,1000,0,25,25875,20875,5000,2026-08-15,Due
FEE0380,2026045200000380,4,45000,1500,1000,3500,30,35700,35700,0,2026-08-15,Paid
FEE0381,2026055300000381,5,32000,1500,1000,0,10,31050,21050,10000,2026-08-15,Due
FEE0382,2026065400000382,6,40000,3500,1000,3500,0,48000,48000,0,2026-08-15,Paid
FEE0383,2026075500000383,7,45000,3500,1000,0,10,44550,39550,5000,2026-08-15,Due
FEE0384,2026085600000384,8,36000,1500,1000,3500,25,31500,21500,10000,2026-08-15,Due
FEE0385,2026014900000385,1,45000,3500,1000,0,30,34650,34650,0,2026-08-15,Paid
FEE0386,2026025000000386,2,40000,3500,1000,2500,30,32900,22900,10000,2026-08-15,Due
FEE0387,2026035100000387,3,40000,1500,1000,2500,25,33750,33750,0,2026-08-15,Paid
FEE0388,2026045200000388,4,40000,1500,1000,3500,15,39100,34100,5000,2026-08-15,Due
FEE0389,2026055300000389,5,50000,1500,1000,0,0,52500,52500,0,2026-08-15,Paid
FEE0390,2026065400000390,6,32000,3500,1000,2500,25,29250,29250,0,2026-08-15,Paid
FEE0391,2026075500000391,7,45000,3500,1000,2500,15,44200,39200,5000,2026-08-15,Due
FEE0392,2026085600000392,8,50000,1500,1000,2500,0,55000,50000,5000,2026-08-15,Due
FEE0393,2026014900000393,1,40000,3500,1000,3500,25,36000,36000,0,2026-08-15,Paid
FEE0394,2026025000000394,2,40000,3500,1000,3500,0,48000,38000,10000,2026-08-15,Due
FEE0395,2026035100000395,3,40000,1500,1000,3500,30,32200,27200,5000,2026-08-15,Due
FEE0396,2026045200000396,4,40000,1500,1000,3500,0,46000,36000,10000,2026-08-15,Due
FEE0397,2026055300000397,5,36000,1500,1000,3500,0,42000,37000,5000,2026-08-15,Due
FEE0398,2026065400000398,6,50000,3500,1000,3500,0,58000,58000,0,2026-08-15,Paid
FEE0399,2026075500000399,7,32000,3500,1000,3500,15,34000,34000,0,2026-08-15,Paid
FEE0400,2026085600000400,8,45000,1500,1000,0,15,40375,40375,0,2026-08-15,Paid
FEE0401,2026014900000401,1,50000,3500,1000,0,10,49050,44050,5000,2026-08-15,Due
FEE0402,2026025000000402,2,36000,3500,1000,3500,0,44000,39000,5000,2026-08-15,Due
FEE0403,2026035100000403,3,50000,1500,1000,2500,15,46750,41750,5000,2026-08-15,Due
FEE0404,2026045200000404,4,50000,1500,1000,2500,30,38500,33500,5000,2026-08-15,Due
FEE0405,2026055300000405,5,45000,1500,1000,3500,20,40800,40800,0,2026-08-15,Paid
FEE0406,2026065400000406,6,32000,3500,1000,3500,0,40000,35000,5000,2026-08-15,Due
FEE0407,2026075500000407,7,50000,3500,1000,2500,0,57000,57000,0,2026-08-15,Paid
FEE0408,2026085600000408,8,32000,1500,1000,2500,0,37000,37000,0,2026-08-15,Paid
FEE0409,2026014900000409,1,40000,3500,1000,2500,25,35250,35250,0,2026-08-15,Paid
FEE0410,2026025000000410,2,50000,3500,1000,3500,0,58000,53000,5000,2026-08-15,Due
FEE0411,2026035100000411,3,32000,1500,1000,3500,0,38000,28000,10000,2026-08-15,Due
FEE0412,2026045200000412,4,45000,1500,1000,0,20,38000,38000,0,2026-08-15,Paid
FEE0413,2026055300000413,5,36000,1500,1000,3500,0,42000,37000,5000,2026-08-15,Due
FEE0414,2026065400000414,6,36000,3500,1000,3500,10,39600,34600,5000,2026-08-15,Due
FEE0415,2026075500000415,7,45000,3500,1000,0,10,44550,44550,0,2026-08-15,Paid
FEE0416,2026085600000416,8,40000,1500,1000,0,0,42500,42500,0,2026-08-15,Paid
FEE0417,2026014900000417,1,50000,3500,1000,2500,15,48450,48450,0,2026-08-15,Paid
FEE0418,2026025000000418,2,45000,3500,1000,0,0,49500,39500,10000,2026-08-15,Due
FEE0419,2026035100000419,3,36000,1500,1000,3500,0,42000,37000,5000,2026-08-15,Due
FEE0420,2026045200000420,4,32000,1500,1000,0,30,24150,19150,5000,2026-08-15,Due
FEE0421,2026055300000421,5,32000,1500,1000,3500,0,38000,28000,10000,2026-08-15,Due
FEE0422,2026065400000422,6,36000,3500,1000,0,0,40500,30500,10000,2026-08-15,Due
FEE0423,2026075500000423,7,50000,3500,1000,0,20,43600,38600,5000,2026-08-15,Due
FEE0424,2026085600000424,8,32000,1500,1000,0,30,24150,14150,10000,2026-08-15,Due
FEE0425,2026014900000425,1,36000,3500,1000,2500,10,38700,33700,5000,2026-08-15,Due
FEE0426,2026025000000426,2,36000,3500,1000,0,0,40500,35500,5000,2026-08-15,Due
FEE0427,2026035100000427,3,45000,1500,1000,2500,0,50000,50000,0,2026-08-15,Paid
FEE0428,2026045200000428,4,40000,1500,1000,0,0,42500,32500,10000,2026-08-15,Due
FEE0429,2026055300000429,5,45000,1500,1000,2500,10,45000,45000,0,2026-08-15,Paid
FEE0430,2026065400000430,6,45000,3500,1000,0,0,49500,49500,0,2026-08-15,Paid
FEE0431,2026075500000431,7,40000,3500,1000,0,30,31150,21150,10000,2026-08-15,Due
FEE0432,2026085600000432,8,40000,1500,1000,3500,0,46000,46000,0,2026-08-15,Paid
FEE0433,2026014900000433,1,45000,3500,1000,2500,20,41600,31600,10000,2026-08-15,Due
FEE0434,2026025000000434,2,36000,3500,1000,2500,30,30100,30100,0,2026-08-15,Paid
FEE0435,2026035100000435,3,40000,1500,1000,2500,10,40500,30500,10000,2026-08-15,Due
FEE0436,2026045200000436,4,50000,1500,1000,0,0,52500,52500,0,2026-08-15,Paid
FEE0437,2026055300000437,5,36000,1500,1000,0,15,32725,32725,0,2026-08-15,Paid
FEE0438,2026065400000438,6,45000,3500,1000,3500,25,39750,39750,0,2026-08-15,Paid
FEE0439,2026075500000439,7,45000,3500,1000,3500,20,42400,42400,0,2026-08-15,Paid
FEE0440,2026085600000440,8,45000,1500,1000,2500,10,45000,45000,0,2026-08-15,Paid
FEE0441,2026014900000441,1,32000,3500,1000,2500,0,39000,39000,0,2026-08-15,Paid
FEE0442,2026025000000442,2,40000,3500,1000,0,25,33375,28375,5000,2026-08-15,Due
FEE0443,2026035100000443,3,32000,1500,1000,3500,10,34200,34200,0,2026-08-15,Paid
FEE0444,2026045200000444,4,45000,1500,1000,3500,0,51000,41000,10000,2026-08-15,Due
FEE0445,2026055300000445,5,36000,1500,1000,0,0,38500,38500,0,2026-08-15,Paid
FEE0446,2026065400000446,6,36000,3500,1000,2500,0,43000,43000,0,2026-08-15,Paid
FEE0447,2026075500000447,7,40000,3500,1000,0,0,44500,44500,0,2026-08-15,Paid
FEE0448,2026085600000448,8,36000,1500,1000,0,0,38500,28500,10000,2026-08-15,Due
FEE0449,2026014900000449,1,50000,3500,1000,2500,0,57000,57000,0,2026-08-15,Paid
FEE0450,2026025000000450,2,32000,3500,1000,0,25,27375,27375,0,2026-08-15,Paid
FEE0451,2026035100000451,3,40000,1500,1000,0,0,42500,37500,5000,2026-08-15,Due
FEE0452,2026045200000452,4,32000,1500,1000,3500,20,30400,20400,10000,2026-08-15,Due
FEE0453,2026055300000453,5,36000,1500,1000,0,15,32725,27725,5000,2026-08-15,Due
FEE0454,2026065400000454,6,32000,3500,1000,0,0,36500,26500,10000,2026-08-15,Due
FEE0455,2026075500000455,7,45000,3500,1000,2500,0,52000,42000,10000,2026-08-15,Due
FEE0456,2026085600000456,8,36000,1500,1000,2500,0,41000,36000,5000,2026-08-15,Due
FEE0457,2026014900000457,1,40000,3500,1000,3500,0,48000,43000,5000,2026-08-15,Due
FEE0458,2026025000000458,2,50000,3500,1000,0,20,43600,38600,5000,2026-08-15,Due
FEE0459,2026035100000459,3,36000,1500,1000,2500,20,32800,32800,0,2026-08-15,Paid
FEE0460,2026045200000460,4,45000,1500,1000,3500,0,51000,41000,10000,2026-08-15,Due
FEE0461,2026055300000461,5,36000,1500,1000,0,0,38500,28500,10000,2026-08-15,Due
FEE0462,2026065400000462,6,45000,3500,1000,3500,30,37100,32100,5000,2026-08-15,Due
FEE0463,2026075500000463,7,50000,3500,1000,0,25,40875,40875,0,2026-08-15,Paid
FEE0464,2026085600000464,8,36000,1500,1000,3500,0,42000,37000,5000,2026-08-15,Due
FEE0465,2026014900000465,1,32000,3500,1000,3500,0,40000,35000,5000,2026-08-15,Due
FEE0466,2026025000000466,2,50000,3500,1000,3500,30,40600,30600,10000,2026-08-15,Due
FEE0467,2026035100000467,3,36000,1500,1000,0,0,38500,28500,10000,2026-08-15,Due
FEE0468,2026045200000468,4,45000,1500,1000,0,30,33250,33250,0,2026-08-15,Paid
FEE0469,2026055300000469,5,36000,1500,1000,2500,20,32800,32800,0,2026-08-15,Paid
FEE0470,2026065400000470,6,45000,3500,1000,0,10,44550,44550,0,2026-08-15,Paid
FEE0471,2026075500000471,7,40000,3500,1000,2500,30,32900,32900,0,2026-08-15,Paid
FEE0472,2026085600000472,8,36000,1500,1000,2500,15,34850,34850,0,2026-08-15,Paid
FEE0473,2026014900000473,1,32000,3500,1000,0,15,31025,31025,0,2026-08-15,Paid
FEE0474,2026025000000474,2,40000,3500,1000,2500,30,32900,27900,5000,2026-08-15,Due
FEE0475,2026035100000475,3,50000,1500,1000,0,10,47250,47250,0,2026-08-15,Paid
FEE0476,2026045200000476,4,50000,1500,1000,3500,10,50400,45400,5000,2026-08-15,Due
FEE0477,2026055300000477,5,45000,1500,1000,3500,10,45900,40900,5000,2026-08-15,Due
FEE0478,2026065400000478,6,40000,3500,1000,0,0,44500,39500,5000,2026-08-15,Due
FEE0479,2026075500000479,7,45000,3500,1000,3500,30,37100,37100,0,2026-08-15,Paid
FEE0480,2026085600000480,8,40000,1500,1000,2500,15,38250,33250,5000,2026-08-15,Due
FEE0481,2026014900000481,1,45000,3500,1000,2500,0,52000,47000,5000,2026-08-15,Due
FEE0482,2026025000000482,2,36000,3500,1000,2500,30,30100,20100,10000,2026-08-15,Due
FEE0483,2026035100000483,3,32000,1500,1000,3500,15,32300,32300,0,2026-08-15,Paid
FEE0484,2026045200000484,4,32000,1500,1000,3500,15,32300,27300,5000,2026-08-15,Due
FEE0485,2026055300000485,5,40000,1500,1000,3500,0,46000,46000,0,2026-08-15,Paid
FEE0486,2026065400000486,6,50000,3500,1000,3500,15,49300,39300,10000,2026-08-15,Due
FEE0487,2026075500000487,7,36000,3500,1000,0,15,34425,24425,10000,2026-08-15,Due
FEE0488,2026085600000488,8,32000,1500,1000,3500,15,32300,32300,0,2026-08-15,Paid
FEE0489,2026014900000489,1,45000,3500,1000,0,0,49500,49500,0,2026-08-15,Paid
FEE0490,2026025000000490,2,45000,3500,1000,0,15,42075,37075,5000,2026-08-15,Due
FEE0491,2026035100000491,3,40000,1500,1000,3500,0,46000,46000,0,2026-08-15,Paid
FEE0492,2026045200000492,4,40000,1500,1000,3500,15,39100,39100,0,2026-08-15,Paid
FEE0493,2026055300000493,5,32000,1500,1000,2500,0,37000,27000,10000,2026-08-15,Due
FEE0494,2026065400000494,6,40000,3500,1000,2500,15,39950,29950,10000,2026-08-15,Due
FEE0495,2026075500000495,7,50000,3500,1000,3500,25,43500,43500,0,2026-08-15,Paid
FEE0496,2026085600000496,8,36000,1500,1000,2500,25,30750,20750,10000,2026-08-15,Due
FEE0497,2026014900000497,1,50000,3500,1000,2500,15,48450,48450,0,2026-08-15,Paid
FEE0498,2026025000000498,2,40000,3500,1000,2500,0,47000,47000,0,2026-08-15,Paid
FEE0499,2026035100000499,3,36000,1500,1000,3500,0,42000,37000,5000,2026-08-15,Due
FEE0500,2026045200000500,4,45000,1500,1000,0,15,40375,40375,0,2026-08-15,Paid
FEE0501,2026055300000501,5,45000,1500,1000,3500,30,35700,25700,10000,2026-08-15,Due
FEE0502,2026065400000502,6,45000,3500,1000,3500,0,53000,43000,10000,2026-08-15,Due
FEE0503,2026075500000503,7,36000,3500,1000,3500,10,39600,34600,5000,2026-08-15,Due
FEE0504,2026085600000504,8,45000,1500,1000,0,0,47500,47500,0,2026-08-15,Paid
FEE0505,2026014900000505,1,36000,3500,1000,3500,0,44000,34000,10000,2026-08-15,Due
FEE0506,2026025000000506,2,45000,3500,1000,0,0,49500,39500,10000,2026-08-15,Due
FEE0507,2026035100000507,3,40000,1500,1000,2500,30,31500,26500,5000,2026-08-15,Due
FEE0508,2026045200000508,4,50000,1500,1000,3500,15,47600,47600,0,2026-08-15,Paid
FEE0509,2026055300000509,5,36000,1500,1000,3500,20,33600,23600,10000,2026-08-15,Due
FEE0510,2026065400000510,6,50000,3500,1000,0,30,38150,33150,5000,2026-08-15,Due
FEE0511,2026075500000511,7,32000,3500,1000,3500,20,32000,22000,10000,2026-08-15,Due
FEE0512,2026085600000512,8,40000,1500,1000,2500,15,38250,28250,10000,2026-08-15,Due
FEE0513,2026014900000513,1,32000,3500,1000,3500,0,40000,40000,0,2026-08-15,Paid
FEE0514,2026025000000514,2,50000,3500,1000,3500,15,49300,49300,0,2026-08-15,Paid
FEE0515,2026035100000515,3,36000,1500,1000,2500,10,36900,36900,0,2026-08-15,Paid
FEE0516,2026045200000516,4,45000,1500,1000,3500,0,51000,51000,0,2026-08-15,Paid
FEE0517,2026055300000517,5,40000,1500,1000,3500,25,34500,34500,0,2026-08-15,Paid
FEE0518,2026065400000518,6,36000,3500,1000,2500,0,43000,38000,5000,2026-08-15,Due
FEE0519,2026075500000519,7,45000,3500,1000,0,20,39600,39600,0,2026-08-15,Paid
FEE0520,2026085600000520,8,45000,1500,1000,2500,0,50000,45000,5000,2026-08-15,Due
FEE0521,2026014900000521,1,32000,3500,1000,3500,20,32000,22000,10000,2026-08-15,Due
FEE0522,2026025000000522,2,32000,3500,1000,0,0,36500,26500,10000,2026-08-15,Due
FEE0523,2026035100000523,3,32000,1500,1000,2500,0,37000,27000,10000,2026-08-15,Due
FEE0524,2026045200000524,4,32000,1500,1000,3500,10,34200,34200,0,2026-08-15,Paid
FEE0525,2026055300000525,5,50000,1500,1000,0,10,47250,37250,10000,2026-08-15,Due
FEE0526,2026065400000526,6,50000,3500,1000,0,0,54500,54500,0,2026-08-15,Paid
FEE0527,2026075500000527,7,36000,3500,1000,0,0,40500,40500,0,2026-08-15,Paid
FEE0528,2026085600000528,8,40000,1500,1000,0,20,34000,34000,0,2026-08-15,Paid
FEE0529,2026014900000529,1,32000,3500,1000,3500,20,32000,27000,5000,2026-08-15,Due
FEE0530,2026025000000530,2,32000,3500,1000,2500,30,27300,22300,5000,2026-08-15,Due
FEE0531,2026035100000531,3,36000,1500,1000,3500,15,35700,35700,0,2026-08-15,Paid
FEE0532,2026045200000532,4,32000,1500,1000,3500,30,26600,21600,5000,2026-08-15,Due
FEE0533,2026055300000533,5,32000,1500,1000,3500,15,32300,32300,0,2026-08-15,Paid
FEE0534,2026065400000534,6,40000,3500,1000,0,30,31150,31150,0,2026-08-15,Paid
FEE0535,2026075500000535,7,32000,3500,1000,2500,0,39000,39000,0,2026-08-15,Paid
FEE0536,2026085600000536,8,32000,1500,1000,2500,25,27750,27750,0,2026-08-15,Paid
FEE0537,2026014900000537,1,45000,3500,1000,3500,25,39750,39750,0,2026-08-15,Paid
FEE0538,2026025000000538,2,32000,3500,1000,3500,0,40000,35000,5000,2026-08-15,Due
FEE0539,2026035100000539,3,45000,1500,1000,2500,0,50000,40000,10000,2026-08-15,Due
FEE0540,2026045200000540,4,45000,1500,1000,3500,0,51000,46000,5000,2026-08-15,Due
FEE0541,2026055300000541,5,36000,1500,1000,2500,30,28700,18700,10000,2026-08-15,Due
FEE0542,2026065400000542,6,50000,3500,1000,0,20,43600,43600,0,2026-08-15,Paid
FEE0543,2026075500000543,7,40000,3500,1000,2500,15,39950,39950,0,2026-08-15,Paid
FEE0544,2026085600000544,8,36000,1500,1000,0,20,30800,25800,5000,2026-08-15,Due
FEE0545,2026014900000545,1,40000,3500,1000,0,0,44500,39500,5000,2026-08-15,Due
FEE0546,2026025000000546,2,45000,3500,1000,0,10,44550,44550,0,2026-08-15,Paid
FEE0547,2026035100000547,3,45000,1500,1000,3500,0,51000,51000,0,2026-08-15,Paid
FEE0548,2026045200000548,4,40000,1500,1000,2500,0,45000,45000,0,2026-08-15,Paid
FEE0549,2026055300000549,5,36000,1500,1000,2500,30,28700,28700,0,2026-08-15,Paid
FEE0550,2026065400000550,6,45000,3500,1000,2500,0,52000,47000,5000,2026-08-15,Due
FEE0551,2026075500000551,7,36000,3500,1000,2500,15,36550,26550,10000,2026-08-15,Due
FEE0552,2026085600000552,8,36000,1500,1000,2500,0,41000,36000,5000,2026-08-15,Due
FEE0553,2026014900000553,1,50000,3500,1000,2500,0,57000,52000,5000,2026-08-15,Due
FEE0554,2026025000000554,2,32000,3500,1000,2500,15,33150,23150,10000,2026-08-15,Due
FEE0555,2026035100000555,3,40000,1500,1000,0,15,36125,36125,0,2026-08-15,Paid
FEE0556,2026045200000556,4,36000,1500,1000,3500,0,42000,32000,10000,2026-08-15,Due
FEE0557,2026055300000557,5,40000,1500,1000,3500,0,46000,46000,0,2026-08-15,Paid
FEE0558,2026065400000558,6,50000,3500,1000,3500,0,58000,58000,0,2026-08-15,Paid
FEE0559,2026075500000559,7,40000,3500,1000,2500,10,42300,32300,10000,2026-08-15,Due
FEE0560,2026085600000560,8,50000,1500,1000,3500,30,39200,34200,5000,2026-08-15,Due
FEE0561,2026014900000561,1,36000,3500,1000,3500,25,33000,28000,5000,2026-08-15,Due
FEE0562,2026025000000562,2,50000,3500,1000,0,0,54500,54500,0,2026-08-15,Paid
FEE0563,2026035100000563,3,40000,1500,1000,2500,10,40500,35500,5000,2026-08-15,Due
FEE0564,2026045200000564,4,45000,1500,1000,0,0,47500,47500,0,2026-08-15,Paid
FEE0565,2026055300000565,5,40000,1500,1000,3500,30,32200,32200,0,2026-08-15,Paid
FEE0566,2026065400000566,6,40000,3500,1000,2500,0,47000,47000,0,2026-08-15,Paid
FEE0567,2026075500000567,7,32000,3500,1000,2500,0,39000,34000,5000,2026-08-15,Due
FEE0568,2026085600000568,8,45000,1500,1000,0,30,33250,33250,0,2026-08-15,Paid
FEE0569,2026014900000569,1,45000,3500,1000,3500,15,45050,45050,0,2026-08-15,Paid
FEE0570,2026025000000570,2,40000,3500,1000,0,25,33375,23375,10000,2026-08-15,Due
FEE0571,2026035100000571,3,45000,1500,1000,2500,0,50000,50000,0,2026-08-15,Paid
FEE0572,2026045200000572,4,45000,1500,1000,3500,20,40800,35800,5000,2026-08-15,Due
FEE0573,2026055300000573,5,50000,1500,1000,3500,0,56000,56000,0,2026-08-15,Paid
FEE0574,2026065400000574,6,50000,3500,1000,0,0,54500,54500,0,2026-08-15,Paid
FEE0575,2026075500000575,7,45000,3500,1000,2500,30,36400,36400,0,2026-08-15,Paid
FEE0576,2026085600000576,8,40000,1500,1000,2500,0,45000,40000,5000,2026-08-15,Due
FEE0577,2026014900000577,1,36000,3500,1000,2500,0,43000,38000,5000,2026-08-15,Due
FEE0578,2026025000000578,2,36000,3500,1000,2500,0,43000,43000,0,2026-08-15,Paid
FEE0579,2026035100000579,3,45000,1500,1000,3500,30,35700,25700,10000,2026-08-15,Due
FEE0580,2026045200000580,4,36000,1500,1000,0,20,30800,25800,5000,2026-08-15,Due
FEE0581,2026055300000581,5,36000,1500,1000,3500,10,37800,37800,0,2026-08-15,Paid
FEE0582,2026065400000582,6,50000,3500,1000,0,0,54500,54500,0,2026-08-15,Paid
FEE0583,2026075500000583,7,32000,3500,1000,0,0,36500,36500,0,2026-08-15,Paid
FEE0584,2026085600000584,8,32000,1500,1000,3500,0,38000,38000,0,2026-08-15,Paid
FEE0585,2026014900000585,1,36000,3500,1000,3500,0,44000,44000,0,2026-08-15,Paid
FEE0586,2026025000000586,2,36000,3500,1000,3500,20,35200,30200,5000,2026-08-15,Due
FEE0587,2026035100000587,3,50000,1500,1000,2500,10,49500,39500,10000,2026-08-15,Due
FEE0588,2026045200000588,4,45000,1500,1000,2500,20,40000,35000,5000,2026-08-15,Due
FEE0589,2026055300000589,5,36000,1500,1000,3500,20,33600,28600,5000,2026-08-15,Due
FEE0590,2026065400000590,6,36000,3500,1000,3500,30,30800,25800,5000,2026-08-15,Due
FEE0591,2026075500000591,7,36000,3500,1000,2500,25,32250,32250,0,2026-08-15,Paid
FEE0592,2026085600000592,8,36000,1500,1000,3500,10,37800,27800,10000,2026-08-15,Due
FEE0593,2026014900000593,1,32000,3500,1000,2500,20,31200,31200,0,2026-08-15,Paid
FEE0594,2026025000000594,2,32000,3500,1000,2500,0,39000,39000,0,2026-08-15,Paid
FEE0595,2026035100000595,3,50000,1500,1000,2500,0,55000,55000,0,2026-08-15,Paid
FEE0596,2026045200000596,4,45000,1500,1000,3500,0,51000,46000,5000,2026-08-15,Due
FEE0597,2026055300000597,5,40000,1500,1000,0,20,34000,29000,5000,2026-08-15,Due
FEE0598,2026065400000598,6,40000,3500,1000,3500,25,36000,36000,0,2026-08-15,Paid
FEE0599,2026075500000599,7,36000,3500,1000,3500,0,44000,44000,0,2026-08-15,Paid
FEE0600,2026085600000600,8,40000,1500,1000,3500,20,36800,26800,10000,2026-08-15,Due
FEE0601,2026014900000601,1,36000,3500,1000,3500,10,39600,34600,5000,2026-08-15,Due
FEE0602,2026025000000602,2,32000,3500,1000,3500,30,28000,28000,0,2026-08-15,Paid
FEE0603,2026035100000603,3,45000,1500,1000,3500,0,51000,51000,0,2026-08-15,Paid
FEE0604,2026045200000604,4,32000,1500,1000,3500,20,30400,20400,10000,2026-08-15,Due
FEE0605,2026055300000605,5,40000,1500,1000,0,20,34000,29000,5000,2026-08-15,Due
FEE0606,2026065400000606,6,45000,3500,1000,2500,30,36400,26400,10000,2026-08-15,Due
FEE0607,2026075500000607,7,36000,3500,1000,2500,20,34400,24400,10000,2026-08-15,Due
FEE0608,2026085600000608,8,50000,1500,1000,2500,30,38500,33500,5000,2026-08-15,Due
FEE0609,2026014900000609,1,32000,3500,1000,3500,25,30000,30000,0,2026-08-15,Paid
FEE0610,2026025000000610,2,32000,3500,1000,2500,0,39000,39000,0,2026-08-15,Paid
FEE0611,2026035100000611,3,50000,1500,1000,3500,20,44800,44800,0,2026-08-15,Paid
FEE0612,2026045200000612,4,32000,1500,1000,3500,10,34200,29200,5000,2026-08-15,Due
FEE0613,2026055300000613,5,40000,1500,1000,2500,0,45000,45000,0,2026-08-15,Paid
FEE0614,2026065400000614,6,45000,3500,1000,2500,30,36400,36400,0,2026-08-15,Paid
FEE0615,2026075500000615,7,50000,3500,1000,0,0,54500,54500,0,2026-08-15,Paid
FEE0616,2026085600000616,8,32000,1500,1000,2500,30,25900,25900,0,2026-08-15,Paid
FEE0617,2026014900000617,1,36000,3500,1000,3500,15,37400,37400,0,2026-08-15,Paid
FEE0618,2026025000000618,2,32000,3500,1000,3500,25,30000,20000,10000,2026-08-15,Due
FEE0619,2026035100000619,3,50000,1500,1000,3500,25,42000,32000,10000,2026-08-15,Due
FEE0620,2026045200000620,4,45000,1500,1000,3500,15,43350,33350,10000,2026-08-15,Due
FEE0621,2026055300000621,5,50000,1500,1000,3500,25,42000,42000,0,2026-08-15,Paid
FEE0622,2026065400000622,6,40000,3500,1000,0,0,44500,34500,10000,2026-08-15,Due
FEE0623,2026075500000623,7,36000,3500,1000,2500,10,38700,38700,0,2026-08-15,Paid
FEE0624,2026085600000624,8,45000,1500,1000,3500,20,40800,40800,0,2026-08-15,Paid
FEE0625,2026014900000625,1,40000,3500,1000,0,0,44500,44500,0,2026-08-15,Paid
FEE0626,2026025000000626,2,36000,3500,1000,2500,0,43000,43000,0,2026-08-15,Paid
FEE0627,2026035100000627,3,40000,1500,1000,3500,0,46000,41000,5000,2026-08-15,Due
FEE0628,2026045200000628,4,45000,1500,1000,0,25,35625,35625,0,2026-08-15,Paid
FEE0629,2026055300000629,5,50000,1500,1000,2500,0,55000,55000,0,2026-08-15,Paid
FEE0630,2026065400000630,6,50000,3500,1000,0,15,46325,46325,0,2026-08-15,Paid
FEE0631,2026075500000631,7,45000,3500,1000,0,0,49500,39500,10000,2026-08-15,Due
FEE0632,2026085600000632,8,50000,1500,1000,2500,25,41250,36250,5000,2026-08-15,Due
FEE0633,2026014900000633,1,50000,3500,1000,3500,30,40600,40600,0,2026-08-15,Paid
FEE0634,2026025000000634,2,32000,3500,1000,3500,25,30000,25000,5000,2026-08-15,Due
FEE0635,2026035100000635,3,50000,1500,1000,3500,10,50400,50400,0,2026-08-15,Paid
FEE0636,2026045200000636,4,50000,1500,1000,2500,20,44000,39000,5000,2026-08-15,Due
FEE0637,2026055300000637,5,45000,1500,1000,3500,0,51000,51000,0,2026-08-15,Paid
FEE0638,2026065400000638,6,45000,3500,1000,2500,30,36400,36400,0,2026-08-15,Paid
FEE0639,2026075500000639,7,36000,3500,1000,2500,30,30100,30100,0,2026-08-15,Paid
FEE0640,2026085600000640,8,36000,1500,1000,2500,0,41000,41000,0,2026-08-15,Paid
FEE0641,2026014900000641,1,50000,3500,1000,3500,25,43500,38500,5000,2026-08-15,Due
FEE0642,2026025000000642,2,50000,3500,1000,2500,0,57000,47000,10000,2026-08-15,Due
FEE0643,2026035100000643,3,45000,1500,1000,2500,0,50000,50000,0,2026-08-15,Paid
FEE0644,2026045200000644,4,50000,1500,1000,3500,0,56000,56000,0,2026-08-15,Paid
FEE0645,2026055300000645,5,50000,1500,1000,3500,0,56000,56000,0,2026-08-15,Paid
FEE0646,2026065400000646,6,45000,3500,1000,2500,0,52000,42000,10000,2026-08-15,Due
FEE0647,2026075500000647,7,45000,3500,1000,3500,10,47700,47700,0,2026-08-15,Paid
FEE0648,2026085600000648,8,40000,1500,1000,2500,30,31500,26500,5000,2026-08-15,Due
FEE0649,2026014900000649,1,50000,3500,1000,2500,15,48450,43450,5000,2026-08-15,Due
FEE0650,2026025000000650,2,36000,3500,1000,3500,10,39600,29600,10000,2026-08-15,Due
FEE0651,2026035100000651,3,40000,1500,1000,0,25,31875,31875,0,2026-08-15,Paid
FEE0652,2026045200000652,4,45000,1500,1000,2500,25,37500,27500,10000,2026-08-15,Due
FEE0653,2026055300000653,5,36000,1500,1000,0,0,38500,28500,10000,2026-08-15,Due
FEE0654,2026065400000654,6,45000,3500,1000,2500,10,46800,36800,10000,2026-08-15,Due
FEE0655,2026075500000655,7,36000,3500,1000,0,20,32400,27400,5000,2026-08-15,Due
FEE0656,2026085600000656,8,50000,1500,1000,3500,10,50400,50400,0,2026-08-15,Paid
FEE0657,2026014900000657,1,40000,3500,1000,3500,15,40800,40800,0,2026-08-15,Paid
FEE0658,2026025000000658,2,36000,3500,1000,0,10,36450,36450,0,2026-08-15,Paid
FEE0659,2026035100000659,3,50000,1500,1000,2500,0,55000,50000,5000,2026-08-15,Due
FEE0660,2026045200000660,4,36000,1500,1000,3500,30,29400,24400,5000,2026-08-15,Due
FEE0661,2026055300000661,5,45000,1500,1000,3500,0,51000,41000,10000,2026-08-15,Due
FEE0662,2026065400000662,6,45000,3500,1000,0,10,44550,44550,0,2026-08-15,Paid
FEE0663,2026075500000663,7,45000,3500,1000,2500,0,52000,52000,0,2026-08-15,Paid
FEE0664,2026085600000664,8,40000,1500,1000,2500,25,33750,33750,0,2026-08-15,Paid
FEE0665,2026014900000665,1,50000,3500,1000,0,30,38150,33150,5000,2026-08-15,Due
FEE0666,2026025000000666,2,50000,3500,1000,0,0,54500,54500,0,2026-08-15,Paid
FEE0667,2026035100000667,3,45000,1500,1000,0,20,38000,28000,10000,2026-08-15,Due
FEE0668,2026045200000668,4,45000,1500,1000,3500,10,45900,45900,0,2026-08-15,Paid
FEE0669,2026055300000669,5,32000,1500,1000,0,0,34500,34500,0,2026-08-15,Paid
FEE0670,2026065400000670,6,45000,3500,1000,0,30,34650,24650,10000,2026-08-15,Due
FEE0671,2026075500000671,7,40000,3500,1000,2500,0,47000,47000,0,2026-08-15,Paid
FEE0672,2026085600000672,8,50000,1500,1000,2500,10,49500,44500,5000,2026-08-15,Due
FEE0673,2026014900000673,1,50000,3500,1000,0,0,54500,49500,5000,2026-08-15,Due
FEE0674,2026025000000674,2,40000,3500,1000,2500,0,47000,47000,0,2026-08-15,Paid
FEE0675,2026035100000675,3,32000,1500,1000,0,20,27600,27600,0,2026-08-15,Paid
FEE0676,2026045200000676,4,40000,1500,1000,0,20,34000,34000,0,2026-08-15,Paid
FEE0677,2026055300000677,5,36000,1500,1000,0,0,38500,28500,10000,2026-08-15,Due
FEE0678,2026065400000678,6,45000,3500,1000,0,25,37125,27125,10000,2026-08-15,Due
FEE0679,2026075500000679,7,50000,3500,1000,3500,0,58000,58000,0,2026-08-15,Paid
FEE0680,2026085600000680,8,36000,1500,1000,3500,30,29400,24400,5000,2026-08-15,Due
FEE0681,2026014900000681,1,40000,3500,1000,3500,0,48000,48000,0,2026-08-15,Paid
FEE0682,2026025000000682,2,32000,3500,1000,3500,30,28000,28000,0,2026-08-15,Paid
FEE0683,2026035100000683,3,50000,1500,1000,3500,20,44800,34800,10000,2026-08-15,Due
FEE0684,2026045200000684,4,40000,1500,1000,0,0,42500,32500,10000,2026-08-15,Due
FEE0685,2026055300000685,5,50000,1500,1000,0,15,44625,44625,0,2026-08-15,Paid
FEE0686,2026065400000686,6,50000,3500,1000,2500,20,45600,45600,0,2026-08-15,Paid
FEE0687,2026075500000687,7,32000,3500,1000,3500,10,36000,36000,0,2026-08-15,Paid
FEE0688,2026085600000688,8,36000,1500,1000,0,20,30800,20800,10000,2026-08-15,Due
FEE0689,2026014900000689,1,45000,3500,1000,2500,20,41600,31600,10000,2026-08-15,Due
FEE0690,2026025000000690,2,50000,3500,1000,0,0,54500,49500,5000,2026-08-15,Due
FEE0691,2026035100000691,3,32000,1500,1000,0,30,24150,24150,0,2026-08-15,Paid
FEE0692,2026045200000692,4,45000,1500,1000,2500,0,50000,50000,0,2026-08-15,Paid
FEE0693,2026055300000693,5,32000,1500,1000,3500,30,26600,16600,10000,2026-08-15,Due
FEE0694,2026065400000694,6,50000,3500,1000,0,0,54500,44500,10000,2026-08-15,Due
FEE0695,2026075500000695,7,32000,3500,1000,2500,30,27300,17300,10000,2026-08-15,Due
FEE0696,2026085600000696,8,40000,1500,1000,2500,0,45000,45000,0,2026-08-15,Paid
FEE0697,2026014900000697,1,50000,3500,1000,2500,0,57000,47000,10000,2026-08-15,Due
FEE0698,2026025000000698,2,45000,3500,1000,3500,0,53000,48000,5000,2026-08-15,Due
FEE0699,2026035100000699,3,40000,1500,1000,0,25,31875,31875,0,2026-08-15,Paid
FEE0700,2026045200000700,4,32000,1500,1000,3500,15,32300,32300,0,2026-08-15,Paid
FEE0701,2026055300000701,5,50000,1500,1000,2500,0,55000,55000,0,2026-08-15,Paid
FEE0702,2026065400000702,6,50000,3500,1000,3500,10,52200,42200,10000,2026-08-15,Due
FEE0703,2026075500000703,7,50000,3500,1000,2500,15,48450,43450,5000,2026-08-15,Due
FEE0704,2026085600000704,8,40000,1500,1000,2500,25,33750,23750,10000,2026-08-15,Due
FEE0705,2026014900000705,1,40000,3500,1000,2500,0,47000,47000,0,2026-08-15,Paid
FEE0706,2026025000000706,2,50000,3500,1000,0,30,38150,38150,0,2026-08-15,Paid
FEE0707,2026035100000707,3,36000,1500,1000,2500,15,34850,24850,10000,2026-08-15,Due
FEE0708,2026045200000708,4,36000,1500,1000,0,15,32725,22725,10000,2026-08-15,Due
FEE0709,2026055300000709,5,36000,1500,1000,2500,15,34850,34850,0,2026-08-15,Paid
FEE0710,2026065400000710,6,40000,3500,1000,2500,20,37600,27600,10000,2026-08-15,Due
FEE0711,2026075500000711,7,45000,3500,1000,2500,15,44200,34200,10000,2026-08-15,Due
FEE0712,2026085600000712,8,32000,1500,1000,3500,10,34200,29200,5000,2026-08-15,Due
FEE0713,2026014900000713,1,36000,3500,1000,0,10,36450,36450,0,2026-08-15,Paid
FEE0714,2026025000000714,2,40000,3500,1000,2500,20,37600,37600,0,2026-08-15,Paid
FEE0715,2026035100000715,3,32000,1500,1000,2500,20,29600,19600,10000,2026-08-15,Due
FEE0716,2026045200000716,4,50000,1500,1000,3500,20,44800,39800,5000,2026-08-15,Due
FEE0717,2026055300000717,5,36000,1500,1000,2500,30,28700,23700,5000,2026-08-15,Due
FEE0718,2026065400000718,6,32000,3500,1000,0,0,36500,36500,0,2026-08-15,Paid
FEE0719,2026075500000719,7,36000,3500,1000,3500,0,44000,34000,10000,2026-08-15,Due
FEE0720,2026085600000720,8,36000,1500,1000,0,0,38500,28500,10000,2026-08-15,Due
FEE0721,2026014900000721,1,50000,3500,1000,2500,30,39900,34900,5000,2026-08-15,Due
FEE0722,2026025000000722,2,45000,3500,1000,2500,0,52000,42000,10000,2026-08-15,Due
FEE0723,2026035100000723,3,36000,1500,1000,2500,0,41000,31000,10000,2026-08-15,Due
FEE0724,2026045200000724,4,36000,1500,1000,0,0,38500,28500,10000,2026-08-15,Due
FEE0725,2026055300000725,5,32000,1500,1000,0,0,34500,24500,10000,2026-08-15,Due
FEE0726,2026065400000726,6,45000,3500,1000,3500,0,53000,53000,0,2026-08-15,Paid
FEE0727,2026075500000727,7,32000,3500,1000,2500,15,33150,33150,0,2026-08-15,Paid
FEE0728,2026085600000728,8,36000,1500,1000,2500,15,34850,24850,10000,2026-08-15,Due
FEE0729,2026014900000729,1,40000,3500,1000,3500,0,48000,48000,0,2026-08-15,Paid
FEE0730,2026025000000730,2,36000,3500,1000,2500,10,38700,38700,0,2026-08-15,Paid
FEE0731,2026035100000731,3,36000,1500,1000,2500,10,36900,31900,5000,2026-08-15,Due
FEE0732,2026045200000732,4,50000,1500,1000,2500,20,44000,44000,0,2026-08-15,Paid
FEE0733,2026055300000733,5,40000,1500,1000,0,15,36125,26125,10000,2026-08-15,Due
FEE0734,2026065400000734,6,36000,3500,1000,2500,20,34400,34400,0,2026-08-15,Paid
FEE0735,2026075500000735,7,36000,3500,1000,0,10,36450,31450,5000,2026-08-15,Due
FEE0736,2026085600000736,8,32000,1500,1000,0,20,27600,27600,0,2026-08-15,Paid
FEE0737,2026014900000737,1,36000,3500,1000,0,0,40500,40500,0,2026-08-15,Paid
FEE0738,2026025000000738,2,45000,3500,1000,2500,25,39000,39000,0,2026-08-15,Paid
FEE0739,2026035100000739,3,32000,1500,1000,3500,0,38000,38000,0,2026-08-15,Paid
FEE0740,2026045200000740,4,32000,1500,1000,3500,0,38000,38000,0,2026-08-15,Paid
FEE0741,2026055300000741,5,40000,1500,1000,0,0,42500,42500,0,2026-08-15,Paid
FEE0742,2026065400000742,6,50000,3500,1000,3500,30,40600,30600,10000,2026-08-15,Due
FEE0743,2026075500000743,7,40000,3500,1000,2500,0,47000,37000,10000,2026-08-15,Due
FEE0744,2026085600000744,8,36000,1500,1000,3500,10,37800,37800,0,2026-08-15,Paid
FEE0745,2026014900000745,1,32000,3500,1000,2500,10,35100,35100,0,2026-08-15,Paid
FEE0746,2026025000000746,2,50000,3500,1000,2500,20,45600,40600,5000,2026-08-15,Due
FEE0747,2026035100000747,3,45000,1500,1000,0,0,47500,47500,0,2026-08-15,Paid
FEE0748,2026045200000748,4,40000,1500,1000,0,0,42500,37500,5000,2026-08-15,Due
FEE0749,2026055300000749,5,32000,1500,1000,3500,25,28500,28500,0,2026-08-15,Paid
FEE0750,2026065400000750,6,50000,3500,1000,0,0,54500,54500,0,2026-08-15,Paid
FEE0751,2026075500000751,7,45000,3500,1000,3500,25,39750,34750,5000,2026-08-15,Due
FEE0752,2026085600000752,8,36000,1500,1000,2500,30,28700,23700,5000,2026-08-15,Due
FEE0753,2026014900000753,1,40000,3500,1000,3500,10,43200,38200,5000,2026-08-15,Due
FEE0754,2026025000000754,2,50000,3500,1000,3500,20,46400,46400,0,2026-08-15,Paid
FEE0755,2026035100000755,3,50000,1500,1000,3500,0,56000,56000,0,2026-08-15,Paid
FEE0756,2026045200000756,4,45000,1500,1000,0,20,38000,38000,0,2026-08-15,Paid
FEE0757,2026055300000757,5,45000,1500,1000,2500,30,35000,25000,10000,2026-08-15,Due
FEE0758,2026065400000758,6,40000,3500,1000,2500,10,42300,32300,10000,2026-08-15,Due
FEE0759,2026075500000759,7,50000,3500,1000,0,30,38150,38150,0,2026-08-15,Paid
FEE0760,2026085600000760,8,32000,1500,1000,0,20,27600,27600,0,2026-08-15,Paid
FEE0761,2026014900000761,1,50000,3500,1000,3500,15,49300,39300,10000,2026-08-15,Due
FEE0762,2026025000000762,2,32000,3500,1000,2500,0,39000,34000,5000,2026-08-15,Due
FEE0763,2026035100000763,3,40000,1500,1000,3500,0,46000,46000,0,2026-08-15,Paid
FEE0764,2026045200000764,4,32000,1500,1000,2500,25,27750,17750,10000,2026-08-15,Due
FEE0765,2026055300000765,5,45000,1500,1000,3500,0,51000,46000,5000,2026-08-15,Due
FEE0766,2026065400000766,6,50000,3500,1000,0,0,54500,44500,10000,2026-08-15,Due
FEE0767,2026075500000767,7,36000,3500,1000,0,0,40500,35500,5000,2026-08-15,Due
FEE0768,2026085600000768,8,50000,1500,1000,3500,25,42000,37000,5000,2026-08-15,Due
FEE0769,2026014900000769,1,50000,3500,1000,0,10,49050,39050,10000,2026-08-15,Due
FEE0770,2026025000000770,2,45000,3500,1000,3500,20,42400,32400,10000,2026-08-15,Due
FEE0771,2026035100000771,3,40000,1500,1000,0,0,42500,32500,10000,2026-08-15,Due
FEE0772,2026045200000772,4,36000,1500,1000,0,0,38500,38500,0,2026-08-15,Paid
FEE0773,2026055300000773,5,40000,1500,1000,3500,0,46000,46000,0,2026-08-15,Paid
FEE0774,2026065400000774,6,50000,3500,1000,3500,0,58000,58000,0,2026-08-15,Paid
FEE0775,2026075500000775,7,50000,3500,1000,3500,0,58000,53000,5000,2026-08-15,Due
FEE0776,2026085600000776,8,45000,1500,1000,3500,10,45900,40900,5000,2026-08-15,Due
FEE0777,2026014900000777,1,50000,3500,1000,0,15,46325,46325,0,2026-08-15,Paid
FEE0778,2026025000000778,2,50000,3500,1000,3500,20,46400,36400,10000,2026-08-15,Due
FEE0779,2026035100000779,3,40000,1500,1000,2500,20,36000,36000,0,2026-08-15,Paid
FEE0780,2026045200000780,4,45000,1500,1000,3500,30,35700,35700,0,2026-08-15,Paid
FEE0781,2026055300000781,5,32000,1500,1000,3500,20,30400,30400,0,2026-08-15,Paid
FEE0782,2026065400000782,6,32000,3500,1000,2500,30,27300,27300,0,2026-08-15,Paid
FEE0783,2026075500000783,7,40000,3500,1000,2500,0,47000,37000,10000,2026-08-15,Due
FEE0784,2026085600000784,8,45000,1500,1000,3500,15,43350,33350,10000,2026-08-15,Due
FEE0785,2026014900000785,1,32000,3500,1000,3500,30,28000,23000,5000,2026-08-15,Due
FEE0786,2026025000000786,2,36000,3500,1000,0,0,40500,30500,10000,2026-08-15,Due
FEE0787,2026035100000787,3,45000,1500,1000,0,0,47500,47500,0,2026-08-15,Paid
FEE0788,2026045200000788,4,50000,1500,1000,0,20,42000,37000,5000,2026-08-15,Due
FEE0789,2026055300000789,5,50000,1500,1000,2500,25,41250,41250,0,2026-08-15,Paid
FEE0790,2026065400000790,6,40000,3500,1000,3500,20,38400,28400,10000,2026-08-15,Due
FEE0791,2026075500000791,7,32000,3500,1000,3500,20,32000,27000,5000,2026-08-15,Due
FEE0792,2026085600000792,8,40000,1500,1000,2500,0,45000,45000,0,2026-08-15,Paid
FEE0793,2026014900000793,1,40000,3500,1000,2500,0,47000,37000,10000,2026-08-15,Due
FEE0794,2026025000000794,2,40000,3500,1000,3500,20,38400,38400,0,2026-08-15,Paid
FEE0795,2026035100000795,3,40000,1500,1000,2500,20,36000,36000,0,2026-08-15,Paid
FEE0796,2026045200000796,4,36000,1500,1000,2500,30,28700,18700,10000,2026-08-15,Due
FEE0797,2026055300000797,5,36000,1500,1000,0,0,38500,38500,0,2026-08-15,Paid
FEE0798,2026065400000798,6,32000,3500,1000,2500,0,39000,39000,0,2026-08-15,Paid
FEE0799,2026075500000799,7,40000,3500,1000,3500,20,38400,28400,10000,2026-08-15,Due
FEE0800,2026085600000800,8,36000,1500,1000,0,30,26950,26950,0,2026-08-15,Paid
FEE0801,2026014900000801,1,36000,3500,1000,0,10,36450,26450,10000,2026-08-15,Due
FEE0802,2026025000000802,2,40000,3500,1000,3500,30,33600,33600,0,2026-08-15,Paid
FEE0803,2026035100000803,3,32000,1500,1000,3500,10,34200,34200,0,2026-08-15,Paid
FEE0804,2026045200000804,4,32000,1500,1000,2500,0,37000,37000,0,2026-08-15,Paid
FEE0805,2026055300000805,5,50000,1500,1000,3500,10,50400,45400,5000,2026-08-15,Due
FEE0806,2026065400000806,6,45000,3500,1000,3500,10,47700,47700,0,2026-08-15,Paid
FEE0807,2026075500000807,7,40000,3500,1000,2500,20,37600,37600,0,2026-08-15,Paid
FEE0808,2026085600000808,8,45000,1500,1000,0,0,47500,37500,10000,2026-08-15,Due
FEE0809,2026014900000809,1,50000,3500,1000,2500,30,39900,34900,5000,2026-08-15,Due
FEE0810,2026025000000810,2,40000,3500,1000,3500,0,48000,38000,10000,2026-08-15,Due
FEE0811,2026035100000811,3,40000,1500,1000,3500,0,46000,46000,0,2026-08-15,Paid
FEE0812,2026045200000812,4,45000,1500,1000,0,0,47500,42500,5000,2026-08-15,Due
FEE0813,2026055300000813,5,36000,1500,1000,3500,10,37800,32800,5000,2026-08-15,Due
FEE0814,2026065400000814,6,40000,3500,1000,2500,30,32900,27900,5000,2026-08-15,Due
FEE0815,2026075500000815,7,36000,3500,1000,0,0,40500,30500,10000,2026-08-15,Due
FEE0816,2026085600000816,8,36000,1500,1000,0,20,30800,30800,0,2026-08-15,Paid
FEE0817,2026014900000817,1,36000,3500,1000,3500,10,39600,39600,0,2026-08-15,Paid
FEE0818,2026025000000818,2,50000,3500,1000,0,15,46325,36325,10000,2026-08-15,Due
FEE0819,2026035100000819,3,40000,1500,1000,0,0,42500,37500,5000,2026-08-15,Due
FEE0820,2026045200000820,4,45000,1500,1000,0,20,38000,38000,0,2026-08-15,Paid
FEE0821,2026055300000821,5,32000,1500,1000,2500,0,37000,37000,0,2026-08-15,Paid
FEE0822,2026065400000822,6,40000,3500,1000,3500,15,40800,35800,5000,2026-08-15,Due
FEE0823,2026075500000823,7,32000,3500,1000,3500,15,34000,29000,5000,2026-08-15,Due
FEE0824,2026085600000824,8,40000,1500,1000,3500,0,46000,46000,0,2026-08-15,Paid
FEE0825,2026014900000825,1,32000,3500,1000,3500,15,34000,34000,0,2026-08-15,Paid
FEE0826,2026025000000826,2,45000,3500,1000,0,20,39600,39600,0,2026-08-15,Paid
FEE0827,2026035100000827,3,50000,1500,1000,2500,0,55000,55000,0,2026-08-15,Paid
FEE0828,2026045200000828,4,50000,1500,1000,3500,0,56000,51000,5000,2026-08-15,Due
FEE0829,2026055300000829,5,36000,1500,1000,3500,30,29400,19400,10000,2026-08-15,Due
FEE0830,2026065400000830,6,50000,3500,1000,0,10,49050,39050,10000,2026-08-15,Due
FEE0831,2026075500000831,7,50000,3500,1000,3500,0,58000,48000,10000,2026-08-15,Due
FEE0832,2026085600000832,8,45000,1500,1000,0,15,40375,40375,0,2026-08-15,Paid
FEE0833,2026014900000833,1,32000,3500,1000,2500,0,39000,29000,10000,2026-08-15,Due
FEE0834,2026025000000834,2,45000,3500,1000,2500,15,44200,44200,0,2026-08-15,Paid
FEE0835,2026035100000835,3,50000,1500,1000,0,30,36750,36750,0,2026-08-15,Paid
FEE0836,2026045200000836,4,40000,1500,1000,3500,15,39100,39100,0,2026-08-15,Paid
FEE0837,2026055300000837,5,40000,1500,1000,3500,0,46000,46000,0,2026-08-15,Paid
FEE0838,2026065400000838,6,36000,3500,1000,2500,15,36550,36550,0,2026-08-15,Paid
FEE0839,2026075500000839,7,36000,3500,1000,0,25,30375,30375,0,2026-08-15,Paid
FEE0840,2026085600000840,8,32000,1500,1000,3500,25,28500,18500,10000,2026-08-15,Due
FEE0841,2026014900000841,1,36000,3500,1000,2500,0,43000,43000,0,2026-08-15,Paid
FEE0842,2026025000000842,2,32000,3500,1000,0,0,36500,36500,0,2026-08-15,Paid
FEE0843,2026035100000843,3,50000,1500,1000,3500,0,56000,46000,10000,2026-08-15,Due
FEE0844,2026045200000844,4,36000,1500,1000,2500,0,41000,41000,0,2026-08-15,Paid
FEE0845,2026055300000845,5,45000,1500,1000,3500,25,38250,38250,0,2026-08-15,Paid
FEE0846,2026065400000846,6,40000,3500,1000,0,30,31150,31150,0,2026-08-15,Paid
FEE0847,2026075500000847,7,32000,3500,1000,0,30,25550,15550,10000,2026-08-15,Due
FEE0848,2026085600000848,8,45000,1500,1000,0,0,47500,47500,0,2026-08-15,Paid
FEE0849,2026014900000849,1,32000,3500,1000,0,20,29200,29200,0,2026-08-15,Paid
FEE0850,2026025000000850,2,32000,3500,1000,2500,0,39000,34000,5000,2026-08-15,Due
FEE0851,2026035100000851,3,45000,1500,1000,3500,0,51000,46000,5000,2026-08-15,Due
FEE0852,2026045200000852,4,50000,1500,1000,2500,30,38500,38500,0,2026-08-15,Paid
FEE0853,2026055300000853,5,50000,1500,1000,2500,0,55000,55000,0,2026-08-15,Paid
FEE0854,2026065400000854,6,50000,3500,1000,3500,0,58000,58000,0,2026-08-15,Paid
FEE0855,2026075500000855,7,36000,3500,1000,2500,15,36550,36550,0,2026-08-15,Paid
FEE0856,2026085600000856,8,32000,1500,1000,0,25,25875,25875,0,2026-08-15,Paid
FEE0857,2026014900000857,1,45000,3500,1000,2500,25,39000,29000,10000,2026-08-15,Due
FEE0858,2026025000000858,2,45000,3500,1000,0,15,42075,42075,0,2026-08-15,Paid
FEE0859,2026035100000859,3,50000,1500,1000,3500,0,56000,46000,10000,2026-08-15,Due
FEE0860,2026045200000860,4,32000,1500,1000,2500,15,31450,31450,0,2026-08-15,Paid
FEE0861,2026055300000861,5,32000,1500,1000,0,0,34500,34500,0,2026-08-15,Paid
FEE0862,2026065400000862,6,36000,3500,1000,2500,15,36550,31550,5000,2026-08-15,Due
FEE0863,2026075500000863,7,50000,3500,1000,3500,20,46400,46400,0,2026-08-15,Paid
FEE0864,2026085600000864,8,32000,1500,1000,3500,30,26600,26600,0,2026-08-15,Paid
FEE0865,2026014900000865,1,36000,3500,1000,0,30,28350,28350,0,2026-08-15,Paid
FEE0866,2026025000000866,2,32000,3500,1000,3500,15,34000,34000,0,2026-08-15,Paid
FEE0867,2026035100000867,3,45000,1500,1000,2500,10,45000,35000,10000,2026-08-15,Due
FEE0868,2026045200000868,4,36000,1500,1000,3500,0,42000,42000,0,2026-08-15,Paid
FEE0869,2026055300000869,5,40000,1500,1000,3500,20,36800,36800,0,2026-08-15,Paid
FEE0870,2026065400000870,6,45000,3500,1000,2500,0,52000,47000,5000,2026-08-15,Due
FEE0871,2026075500000871,7,32000,3500,1000,0,10,32850,32850,0,2026-08-15,Paid
FEE0872,2026085600000872,8,32000,1500,1000,3500,30,26600,16600,10000,2026-08-15,Due
FEE0873,2026014900000873,1,36000,3500,1000,0,30,28350,18350,10000,2026-08-15,Due
FEE0874,2026025000000874,2,45000,3500,1000,2500,15,44200,44200,0,2026-08-15,Paid
FEE0875,2026035100000875,3,45000,1500,1000,3500,0,51000,46000,5000,2026-08-15,Due
FEE0876,2026045200000876,4,45000,1500,1000,2500,10,45000,35000,10000,2026-08-15,Due
FEE0877,2026055300000877,5,32000,1500,1000,3500,0,38000,38000,0,2026-08-15,Paid
FEE0878,2026065400000878,6,36000,3500,1000,2500,25,32250,27250,5000,2026-08-15,Due
FEE0879,2026075500000879,7,36000,3500,1000,0,20,32400,32400,0,2026-08-15,Paid
FEE0880,2026085600000880,8,36000,1500,1000,0,30,26950,26950,0,2026-08-15,Paid
FEE0881,2026014900000881,1,36000,3500,1000,2500,10,38700,38700,0,2026-08-15,Paid
FEE0882,2026025000000882,2,45000,3500,1000,2500,25,39000,39000,0,2026-08-15,Paid
FEE0883,2026035100000883,3,32000,1500,1000,0,0,34500,24500,10000,2026-08-15,Due
FEE0884,2026045200000884,4,36000,1500,1000,2500,15,34850,34850,0,2026-08-15,Paid
FEE0885,2026055300000885,5,40000,1500,1000,3500,15,39100,29100,10000,2026-08-15,Due
FEE0886,2026065400000886,6,45000,3500,1000,2500,10,46800,36800,10000,2026-08-15,Due
FEE0887,2026075500000887,7,36000,3500,1000,0,15,34425,29425,5000,2026-08-15,Due
FEE0888,2026085600000888,8,36000,1500,1000,0,15,32725,22725,10000,2026-08-15,Due
FEE0889,2026014900000889,1,36000,3500,1000,0,0,40500,35500,5000,2026-08-15,Due
FEE0890,2026025000000890,2,32000,3500,1000,0,20,29200,19200,10000,2026-08-15,Due
FEE0891,2026035100000891,3,40000,1500,1000,3500,20,36800,36800,0,2026-08-15,Paid
FEE0892,2026045200000892,4,36000,1500,1000,3500,0,42000,32000,10000,2026-08-15,Due
FEE0893,2026055300000893,5,40000,1500,1000,2500,15,38250,33250,5000,2026-08-15,Due
FEE0894,2026065400000894,6,50000,3500,1000,2500,20,45600,40600,5000,2026-08-15,Due
FEE0895,2026075500000895,7,36000,3500,1000,0,0,40500,30500,10000,2026-08-15,Due
FEE0896,2026085600000896,8,45000,1500,1000,2500,0,50000,45000,5000,2026-08-15,Due
FEE0897,2026014900000897,1,40000,3500,1000,2500,0,47000,47000,0,2026-08-15,Paid
FEE0898,2026025000000898,2,45000,3500,1000,0,30,34650,34650,0,2026-08-15,Paid
FEE0899,2026035100000899,3,32000,1500,1000,2500,20,29600,24600,5000,2026-08-15,Due
FEE0900,2026045200000900,4,50000,1500,1000,0,10,47250,47250,0,2026-08-15,Paid
FEE0901,2026055300000901,5,36000,1500,1000,0,10,34650,24650,10000,2026-08-15,Due
FEE0902,2026065400000902,6,50000,3500,1000,3500,30,40600,40600,0,2026-08-15,Paid
FEE0903,2026075500000903,7,32000,3500,1000,3500,30,28000,28000,0,2026-08-15,Paid
FEE0904,2026085600000904,8,36000,1500,1000,2500,20,32800,32800,0,2026-08-15,Paid
FEE0905,2026014900000905,1,32000,3500,1000,3500,0,40000,40000,0,2026-08-15,Paid
FEE0906,2026025000000906,2,36000,3500,1000,3500,20,35200,35200,0,2026-08-15,Paid
FEE0907,2026035100000907,3,40000,1500,1000,3500,15,39100,39100,0,2026-08-15,Paid
FEE0908,2026045200000908,4,50000,1500,1000,2500,15,46750,46750,0,2026-08-15,Paid
FEE0909,2026055300000909,5,40000,1500,1000,2500,15,38250,38250,0,2026-08-15,Paid
FEE0910,2026065400000910,6,36000,3500,1000,3500,20,35200,30200,5000,2026-08-15,Due
FEE0911,2026075500000911,7,40000,3500,1000,2500,0,47000,47000,0,2026-08-15,Paid
FEE0912,2026085600000912,8,36000,1500,1000,0,10,34650,24650,10000,2026-08-15,Due
FEE0913,2026014900000913,1,40000,3500,1000,3500,0,48000,38000,10000,2026-08-15,Due
FEE0914,2026025000000914,2,45000,3500,1000,0,0,49500,49500,0,2026-08-15,Paid
FEE0915,2026035100000915,3,50000,1500,1000,0,10,47250,47250,0,2026-08-15,Paid
FEE0916,2026045200000916,4,32000,1500,1000,3500,20,30400,25400,5000,2026-08-15,Due
FEE0917,2026055300000917,5,50000,1500,1000,3500,0,56000,56000,0,2026-08-15,Paid
FEE0918,2026065400000918,6,45000,3500,1000,0,25,37125,37125,0,2026-08-15,Paid
FEE0919,2026075500000919,7,36000,3500,1000,0,0,40500,35500,5000,2026-08-15,Due
FEE0920,2026085600000920,8,45000,1500,1000,3500,30,35700,30700,5000,2026-08-15,Due
FEE0921,2026014900000921,1,45000,3500,1000,2500,0,52000,52000,0,2026-08-15,Paid
FEE0922,2026025000000922,2,45000,3500,1000,3500,15,45050,45050,0,2026-08-15,Paid
FEE0923,2026035100000923,3,50000,1500,1000,0,0,52500,52500,0,2026-08-15,Paid
FEE0924,2026045200000924,4,45000,1500,1000,3500,0,51000,51000,0,2026-08-15,Paid
FEE0925,2026055300000925,5,40000,1500,1000,3500,0,46000,46000,0,2026-08-15,Paid
FEE0926,2026065400000926,6,32000,3500,1000,2500,0,39000,34000,5000,2026-08-15,Due
FEE0927,2026075500000927,7,36000,3500,1000,0,0,40500,30500,10000,2026-08-15,Due
FEE0928,2026085600000928,8,45000,1500,1000,2500,25,37500,37500,0,2026-08-15,Paid
FEE0929,2026014900000929,1,40000,3500,1000,2500,25,35250,25250,10000,2026-08-15,Due
FEE0930,2026025000000930,2,32000,3500,1000,0,15,31025,21025,10000,2026-08-15,Due
FEE0931,2026035100000931,3,40000,1500,1000,0,15,36125,36125,0,2026-08-15,Paid
FEE0932,2026045200000932,4,45000,1500,1000,3500,0,51000,51000,0,2026-08-15,Paid
FEE0933,2026055300000933,5,40000,1500,1000,0,0,42500,42500,0,2026-08-15,Paid
FEE0934,2026065400000934,6,32000,3500,1000,0,20,29200,29200,0,2026-08-15,Paid
FEE0935,2026075500000935,7,45000,3500,1000,3500,10,47700,37700,10000,2026-08-15,Due
FEE0936,2026085600000936,8,50000,1500,1000,2500,0,55000,55000,0,2026-08-15,Paid
FEE0937,2026014900000937,1,50000,3500,1000,0,15,46325,46325,0,2026-08-15,Paid
FEE0938,2026025000000938,2,36000,3500,1000,3500,0,44000,39000,5000,2026-08-15,Due
FEE0939,2026035100000939,3,32000,1500,1000,3500,0,38000,28000,10000,2026-08-15,Due
FEE0940,2026045200000940,4,45000,1500,1000,3500,30,35700,35700,0,2026-08-15,Paid
FEE0941,2026055300000941,5,45000,1500,1000,3500,0,51000,41000,10000,2026-08-15,Due
FEE0942,2026065400000942,6,32000,3500,1000,2500,25,29250,19250,10000,2026-08-15,Due
FEE0943,2026075500000943,7,32000,3500,1000,0,30,25550,25550,0,2026-08-15,Paid
FEE0944,2026085600000944,8,36000,1500,1000,0,25,28875,18875,10000,2026-08-15,Due
FEE0945,2026014900000945,1,36000,3500,1000,3500,0,44000,39000,5000,2026-08-15,Due
FEE0946,2026025000000946,2,32000,3500,1000,0,0,36500,26500,10000,2026-08-15,Due
FEE0947,2026035100000947,3,32000,1500,1000,3500,0,38000,38000,0,2026-08-15,Paid
FEE0948,2026045200000948,4,36000,1500,1000,3500,10,37800,37800,0,2026-08-15,Paid
FEE0949,2026055300000949,5,32000,1500,1000,3500,25,28500,23500,5000,2026-08-15,Due
FEE0950,2026065400000950,6,40000,3500,1000,2500,30,32900,27900,5000,2026-08-15,Due
FEE0951,2026075500000951,7,50000,3500,1000,2500,25,42750,42750,0,2026-08-15,Paid
FEE0952,2026085600000952,8,50000,1500,1000,3500,25,42000,37000,5000,2026-08-15,Due
FEE0953,2026014900000953,1,36000,3500,1000,3500,30,30800,30800,0,2026-08-15,Paid
FEE0954,2026025000000954,2,45000,3500,1000,0,30,34650,34650,0,2026-08-15,Paid
FEE0955,2026035100000955,3,32000,1500,1000,3500,25,28500,28500,0,2026-08-15,Paid
FEE0956,2026045200000956,4,50000,1500,1000,3500,30,39200,29200,10000,2026-08-15,Due
FEE0957,2026055300000957,5,50000,1500,1000,2500,15,46750,41750,5000,2026-08-15,Due
FEE0958,2026065400000958,6,40000,3500,1000,2500,30,32900,32900,0,2026-08-15,Paid
FEE0959,2026075500000959,7,36000,3500,1000,3500,0,44000,44000,0,2026-08-15,Paid
FEE0960,2026085600000960,8,32000,1500,1000,0,0,34500,29500,5000,2026-08-15,Due
FEE0961,2026014900000961,1,32000,3500,1000,0,10,32850,27850,5000,2026-08-15,Due
FEE0962,2026025000000962,2,50000,3500,1000,2500,25,42750,32750,10000,2026-08-15,Due
FEE0963,2026035100000963,3,45000,1500,1000,0,30,33250,33250,0,2026-08-15,Paid
FEE0964,2026045200000964,4,40000,1500,1000,0,0,42500,37500,5000,2026-08-15,Due
FEE0965,2026055300000965,5,50000,1500,1000,3500,0,56000,56000,0,2026-08-15,Paid
FEE0966,2026065400000966,6,36000,3500,1000,0,15,34425,29425,5000,2026-08-15,Due
FEE0967,2026075500000967,7,32000,3500,1000,2500,25,29250,29250,0,2026-08-15,Paid
FEE0968,2026085600000968,8,50000,1500,1000,2500,15,46750,36750,10000,2026-08-15,Due
FEE0969,2026014900000969,1,36000,3500,1000,2500,0,43000,43000,0,2026-08-15,Paid
FEE0970,2026025000000970,2,36000,3500,1000,3500,0,44000,44000,0,2026-08-15,Paid
FEE0971,2026035100000971,3,40000,1500,1000,0,0,42500,37500,5000,2026-08-15,Due
FEE0972,2026045200000972,4,32000,1500,1000,2500,15,31450,31450,0,2026-08-15,Paid
FEE0973,2026055300000973,5,45000,1500,1000,3500,0,51000,46000,5000,2026-08-15,Due
FEE0974,2026065400000974,6,40000,3500,1000,0,0,44500,34500,10000,2026-08-15,Due
FEE0975,2026075500000975,7,45000,3500,1000,0,25,37125,32125,5000,2026-08-15,Due
FEE0976,2026085600000976,8,45000,1500,1000,2500,0,50000,45000,5000,2026-08-15,Due
FEE0977,2026014900000977,1,32000,3500,1000,3500,30,28000,23000,5000,2026-08-15,Due
FEE0978,2026025000000978,2,32000,3500,1000,0,0,36500,26500,10000,2026-08-15,Due
FEE0979,2026035100000979,3,50000,1500,1000,2500,15,46750,46750,0,2026-08-15,Paid
FEE0980,2026045200000980,4,50000,1500,1000,3500,0,56000,56000,0,2026-08-15,Paid
FEE0981,2026055300000981,5,36000,1500,1000,3500,10,37800,37800,0,2026-08-15,Paid
FEE0982,2026065400000982,6,45000,3500,1000,0,0,49500,44500,5000,2026-08-15,Due
FEE0983,2026075500000983,7,32000,3500,1000,2500,0,39000,39000,0,2026-08-15,Paid
FEE0984,2026085600000984,8,32000,1500,1000,3500,20,30400,30400,0,2026-08-15,Paid
FEE0985,2026014900000985,1,40000,3500,1000,3500,20,38400,28400,10000,2026-08-15,Due
FEE0986,2026025000000986,2,50000,3500,1000,2500,25,42750,37750,5000,2026-08-15,Due
FEE0987,2026035100000987,3,40000,1500,1000,0,0,42500,37500,5000,2026-08-15,Due
FEE0988,2026045200000988,4,32000,1500,1000,0,10,31050,31050,0,2026-08-15,Paid
FEE0989,2026055300000989,5,45000,1500,1000,3500,30,35700,35700,0,2026-08-15,Paid
FEE0990,2026065400000990,6,32000,3500,1000,3500,15,34000,24000,10000,2026-08-15,Due
FEE0991,2026075500000991,7,36000,3500,1000,2500,30,30100,30100,0,2026-08-15,Paid
FEE0992,2026085600000992,8,32000,1500,1000,0,25,25875,25875,0,2026-08-15,Paid
FEE0993,2026014900000993,1,40000,3500,1000,0,0,44500,34500,10000,2026-08-15,Due
FEE0994,2026025000000994,2,40000,3500,1000,2500,15,39950,34950,5000,2026-08-15,Due
FEE0995,2026035100000995,3,45000,1500,1000,3500,0,51000,51000,0,2026-08-15,Paid
FEE0996,2026045200000996,4,36000,1500,1000,3500,0,42000,37000,5000,2026-08-15,Due
FEE0997,2026055300000997,5,36000,1500,1000,3500,25,31500,26500,5000,2026-08-15,Due
FEE0998,2026065400000998,6,45000,3500,1000,0,25,37125,27125,10000,2026-08-15,Due
FEE0999,2026075500000999,7,32000,3500,1000,3500,0,40000,40000,0,2026-08-15,Paid
FEE1000,2026085600001000,8,50000,1500,1000,2500,15,46750,36750,10000,2026-08-15,Due
